file	pr	ref
1228-removing-mxids-from-events.md	1228	refs/pr/upstream/1228
1716-open-on-device-api.md	1716	refs/pr/upstream/1716
1740-accept-header.md	1740	refs/pr/upstream/1740
1762-3pid-did.md	1762	refs/pr/upstream/1762
1763-configurable-retention-periods.md	1763	refs/pr/upstream/1763
1768-auth-proof.md	1768	refs/pr/upstream/1768
1769-extensible-profiles-as-rooms.md	1769	refs/pr/upstream/1769
1780-3pid-did-admin-account.md	1780	refs/pr/upstream/1780
1781-3pid-did-association.md	1781	refs/pr/upstream/1781
1797-profile-error-codes.md	1797	refs/pr/upstream/1797
1862-presence-capabilites.md	1862	refs/pr/upstream/1862
1921-cancel-3pid-sessions.md	1921	refs/pr/upstream/1921
1956-integrations-api-base.md	1956	refs/pr/upstream/1956
1959-integrations-stickerpicker.md	1959	refs/pr/upstream/1959
1973-hash-key-user-id.md	1973	refs/pr/upstream/1973
1974-crypto-puzzle.md	1974	refs/pr/upstream/1974
2102-enforce-canonical-json-on-s2s-wire.md	2102	refs/pr/upstream/2102
2108-sync-via-server-sent-events.md	2108	refs/pr/upstream/2108
2127-federation-capabilities.md	2127	refs/pr/upstream/2127
2162-signaling-errors-at-bridges.md	2162	refs/pr/upstream/2162
2190-allow-appservice-sync.md	2190	refs/pr/upstream/2190
1543-qr_code_key_verification.md	2192	refs/pr/upstream/2192
1756-cross-signing.md	2192	refs/pr/upstream/2192
1767-extensible-events.md	2192	refs/pr/upstream/2192
1772-groups-as-rooms.md	2192	refs/pr/upstream/2192
1960-integrations-openid.md	2192	refs/pr/upstream/2192
2010-spoilers.md	2192	refs/pr/upstream/2192
2184-allow-html-details.md	2192	refs/pr/upstream/2192
2192-inline-widgets.md	2192	refs/pr/upstream/2192
2241-e2e-verification-in-dms.md	2192	refs/pr/upstream/2192
2265-email-lowercase.md	2192	refs/pr/upstream/2192
2285-hidden-read-receipts.md	2192	refs/pr/upstream/2192
2312-matrix-uri.md	2192	refs/pr/upstream/2192
2320-identity-versions.md	2192	refs/pr/upstream/2192
2366-key-verification-accept.md	2192	refs/pr/upstream/2192
2403-knock.md	2192	refs/pr/upstream/2192
2414-optional-content-reporting-reason.md	2192	refs/pr/upstream/2192
2557-spoiler-clarifications.md	2192	refs/pr/upstream/2192
2674-event-relationships.md	2192	refs/pr/upstream/2192
2675-aggregations-server.md	2192	refs/pr/upstream/2192
2676-message-editing.md	2192	refs/pr/upstream/2192
2677-reactions.md	2192	refs/pr/upstream/2192
2713-remove-deprecated-identity-endpoints.md	2192	refs/pr/upstream/2192
2732-olm-fallback-keys.md	2192	refs/pr/upstream/2192
2758-textual-id-grammar.md	2192	refs/pr/upstream/2192
2765-widget-avatars.md	2192	refs/pr/upstream/2192
2774-widget-id.md	2192	refs/pr/upstream/2192
2778-appservice-login.md	2192	refs/pr/upstream/2192
2788-v6-default-version.md	2192	refs/pr/upstream/2192
2801-untrusted-event-data.md	2192	refs/pr/upstream/2192
2832-appservice-auth-fix.md	2192	refs/pr/upstream/2192
2844-global-versioning.md	2192	refs/pr/upstream/2192
2858-Multiple-SSO-Identity-Providers.md	2192	refs/pr/upstream/2192
2874-single-ssss.md	2192	refs/pr/upstream/2192
2918-refreshtokens.md	2192	refs/pr/upstream/2192
2946-spaces-summary.md	2192	refs/pr/upstream/2192
2998-rooms-v7.md	2192	refs/pr/upstream/2192
3030-jump-to-date.md	2192	refs/pr/upstream/2192
3069-guests-whoami.md	2192	refs/pr/upstream/2192
3083-restricted-rooms.md	2192	refs/pr/upstream/2192
3122-deprecate-starting-verifications-without-request.md	2192	refs/pr/upstream/2192
3173-expose-stripped-state-events.md	2192	refs/pr/upstream/2192
3231-token-authenticated-registration.md	2192	refs/pr/upstream/2192
3267-reference-relations.md	2192	refs/pr/upstream/2192
3283-enable_set_displayname-capabilities.md	2192	refs/pr/upstream/2192
3288-pass_room_type_in_3pid_invite.md	2192	refs/pr/upstream/2192
3289-rooms-v8.md	2192	refs/pr/upstream/2192
3316-appservice-timestamp-massaging.md	2192	refs/pr/upstream/2192
2199-canonical-dms.md	2199	refs/pr/upstream/2199
2211-store-3pids-hashed-at-rest.md	2211	refs/pr/upstream/2211
2212-third-party-user-power-levels.md	2212	refs/pr/upstream/2212
2213-rejoin-private-rooms.md	2213	refs/pr/upstream/2213
2214-join-upgraded-private-rooms.md	2214	refs/pr/upstream/2214
2228-self-destructing-events.md	2228	refs/pr/upstream/2228
2270-ignore-invites.md	2270	refs/pr/upstream/2270
2278-deleting-content.md	2278	refs/pr/upstream/2278
2291-configuration-to-control-crawling.md	2291	refs/pr/upstream/2291
2299-textfile.md	2299	refs/pr/upstream/2299
2300-ping-endpoint.md	2300	refs/pr/upstream/2300
2301-info-endpoint.md	2301	refs/pr/upstream/2301
2315-no-integration-manager-option.md	2315	refs/pr/upstream/2315
2316-federation-data-loss-queries.md	2316	refs/pr/upstream/2316
2326-label-based-filtering.md	2326	refs/pr/upstream/2326
2346-bridge-info-state-event.md	2346	refs/pr/upstream/2346
2354-streaming-file-transfer.md	2354	refs/pr/upstream/2354
2370-resolve-url.md	2370	refs/pr/upstream/2370
2375-appservices-invite-states.md	2375	refs/pr/upstream/2375
2379-appservice-versions.md	2379	refs/pr/upstream/2379
2380-media-information-api.md	2380	refs/pr/upstream/2380
2385-no-url-previews.md	2385	refs/pr/upstream/2385
2388-edu-as-pdu--receipt.md	2388	refs/pr/upstream/2388
2391-federation-point-query.md	2391	refs/pr/upstream/2391
2398-allow-mxc-within-message-links.md	2398	refs/pr/upstream/2398
2413-remove-client-secret.md	2413	refs/pr/upstream/2413
2427-json-based-message-formatting.md	2427	refs/pr/upstream/2427
2437-tagged-events-account-data.md	2437	refs/pr/upstream/2437
2438-local-and-federated-erasure-requests.md	2438	refs/pr/upstream/2438
2444-peeking-over-federation-peek-api.md	2444	refs/pr/upstream/2444
0000-proposal-template.md	2448	refs/pr/upstream/2448
1543-qr_code_key_verification.md	2448	refs/pr/upstream/2448
1756-cross-signing.md	2448	refs/pr/upstream/2448
1779-open-governance.md	2448	refs/pr/upstream/2448
1946-secure_server-side_storage.md	2448	refs/pr/upstream/2448
1960-integrations-openid.md	2448	refs/pr/upstream/2448
2010-spoilers.md	2448	refs/pr/upstream/2448
2033-whoami-device-id.md	2448	refs/pr/upstream/2448
2184-allow-html-details.md	2448	refs/pr/upstream/2448
2209-auth-rules-other-keys-in-m.room.power.levels.md	2448	refs/pr/upstream/2448
2240-rooms-v6.md	2448	refs/pr/upstream/2448
2265-email-lowercase.md	2448	refs/pr/upstream/2448
2320-identity-versions.md	2448	refs/pr/upstream/2448
2366-key-verification-accept.md	2448	refs/pr/upstream/2448
2399-reporting-no-key-sent.md	2448	refs/pr/upstream/2448
2414-optional-content-reporting-reason.md	2448	refs/pr/upstream/2448
2422-allow-color-attribute-on-font-tag.md	2448	refs/pr/upstream/2448
2432-revised-alias-publishing.md	2448	refs/pr/upstream/2448
2448-blurhash-for-media.md	2448	refs/pr/upstream/2448
2451-remove-query_auth-federation-endpoint.md	2448	refs/pr/upstream/2448
2454-ui-interactive-auth-for-sso.md	2448	refs/pr/upstream/2448
2457-password-modification-invalidating-devices.md	2448	refs/pr/upstream/2448
2472-symmetric-ssss.md	2448	refs/pr/upstream/2448
2526-add-delete-backup.md	2448	refs/pr/upstream/2448
2540-stricter-event-validation.md	2448	refs/pr/upstream/2448
2557-spoiler-clarifications.md	2448	refs/pr/upstream/2448
2604-login-fallback-device-info.md	2448	refs/pr/upstream/2448
2610-remove-oauth2-auth-type.md	2448	refs/pr/upstream/2448
2611-remove-login-auth-type.md	2448	refs/pr/upstream/2448
2630-sas-check-public-keys.md	2448	refs/pr/upstream/2448
2663-errors-nonexistent-push-rules.md	2448	refs/pr/upstream/2448
2689-fix-e2ee-for-guests.md	2448	refs/pr/upstream/2448
2758-textual-id-grammar.md	2448	refs/pr/upstream/2448
2765-widget-avatars.md	2448	refs/pr/upstream/2448
2774-widget-id.md	2448	refs/pr/upstream/2448
2788-v6-default-version.md	2448	refs/pr/upstream/2448
2801-untrusted-event-data.md	2448	refs/pr/upstream/2448
2844-global-versioning.md	2448	refs/pr/upstream/2448
2858-Multiple-SSO-Identity-Providers.md	2448	refs/pr/upstream/2448
2874-single-ssss.md	2448	refs/pr/upstream/2448
2998-rooms-v7.md	2448	refs/pr/upstream/2448
2474-backup-version-in-ssss.md	2474	refs/pr/upstream/2474
2477-user-defined-ephemeral-events.md	2477	refs/pr/upstream/2477
2487-appservice-filtering.md	2487	refs/pr/upstream/2487
2499-client-well-known-fixes.md	2499	refs/pr/upstream/2499
2513-membership-fields.md	2513	refs/pr/upstream/2513
2596-always-allow-rescinding-invites.md	2596	refs/pr/upstream/2596
2644-matrix.to-v2.md	2644	refs/pr/upstream/2644
2673-notification-levels.md	2673	refs/pr/upstream/2673
2695-get-event-by-id.md	2695	refs/pr/upstream/2695
2716-batch-send-historical-messages.md	2716	refs/pr/upstream/2716
2723-add-forward-info.md	2723	refs/pr/upstream/2723
2730-verifiable-forwarded-events.md	2730	refs/pr/upstream/2730
2747-voip-call-transfer.md	2747	refs/pr/upstream/2747
2749-e2ee-on-off.md	2749	refs/pr/upstream/2749
2753-peeking-via-sync-v2.md	2753	refs/pr/upstream/2753
2755-lazy-load-rooms.md	2755	refs/pr/upstream/2755
2757-sign-events.md	2757	refs/pr/upstream/2757
1543-qr_code_key_verification.md	2762	refs/pr/upstream/2762
1756-cross-signing.md	2762	refs/pr/upstream/2762
1772-groups-as-rooms.md	2762	refs/pr/upstream/2762
1960-integrations-openid.md	2762	refs/pr/upstream/2762
2010-spoilers.md	2762	refs/pr/upstream/2762
2184-allow-html-details.md	2762	refs/pr/upstream/2762
2241-e2e-verification-in-dms.md	2762	refs/pr/upstream/2762
2265-email-lowercase.md	2762	refs/pr/upstream/2762
2312-matrix-uri.md	2762	refs/pr/upstream/2762
2320-identity-versions.md	2762	refs/pr/upstream/2762
2366-key-verification-accept.md	2762	refs/pr/upstream/2762
2403-knock.md	2762	refs/pr/upstream/2762
2414-optional-content-reporting-reason.md	2762	refs/pr/upstream/2762
2557-spoiler-clarifications.md	2762	refs/pr/upstream/2762
2713-remove-deprecated-identity-endpoints.md	2762	refs/pr/upstream/2762
2732-olm-fallback-keys.md	2762	refs/pr/upstream/2762
2758-textual-id-grammar.md	2762	refs/pr/upstream/2762
2762-widget-event-receiving.md	2762	refs/pr/upstream/2762
2765-widget-avatars.md	2762	refs/pr/upstream/2762
2774-widget-id.md	2762	refs/pr/upstream/2762
2778-appservice-login.md	2762	refs/pr/upstream/2762
2788-v6-default-version.md	2762	refs/pr/upstream/2762
2801-untrusted-event-data.md	2762	refs/pr/upstream/2762
2844-global-versioning.md	2762	refs/pr/upstream/2762
2858-Multiple-SSO-Identity-Providers.md	2762	refs/pr/upstream/2762
2874-single-ssss.md	2762	refs/pr/upstream/2762
2998-rooms-v7.md	2762	refs/pr/upstream/2762
3083-restricted-rooms.md	2762	refs/pr/upstream/2762
3122-deprecate-starting-verifications-without-request.md	2762	refs/pr/upstream/2762
3173-expose-stripped-state-events.md	2762	refs/pr/upstream/2762
3289-rooms-v8.md	2762	refs/pr/upstream/2762
2772-jitsi-notifications.md	2772	refs/pr/upstream/2772
2782-full-event-pusher.md	2782	refs/pr/upstream/2782
2785-notification-attributes.md	2785	refs/pr/upstream/2785
2787-portable-identities.md	2787	refs/pr/upstream/2787
1543-qr_code_key_verification.md	2790	refs/pr/upstream/2790
1756-cross-signing.md	2790	refs/pr/upstream/2790
1772-groups-as-rooms.md	2790	refs/pr/upstream/2790
2010-spoilers.md	2790	refs/pr/upstream/2790
2184-allow-html-details.md	2790	refs/pr/upstream/2790
2241-e2e-verification-in-dms.md	2790	refs/pr/upstream/2790
2265-email-lowercase.md	2790	refs/pr/upstream/2790
2312-matrix-uri.md	2790	refs/pr/upstream/2790
2320-identity-versions.md	2790	refs/pr/upstream/2790
2366-key-verification-accept.md	2790	refs/pr/upstream/2790
2403-knock.md	2790	refs/pr/upstream/2790
2414-optional-content-reporting-reason.md	2790	refs/pr/upstream/2790
2557-spoiler-clarifications.md	2790	refs/pr/upstream/2790
2713-remove-deprecated-identity-endpoints.md	2790	refs/pr/upstream/2790
2732-olm-fallback-keys.md	2790	refs/pr/upstream/2790
2758-textual-id-grammar.md	2790	refs/pr/upstream/2790
2765-widget-avatars.md	2790	refs/pr/upstream/2790
2774-widget-id.md	2790	refs/pr/upstream/2790
2788-v6-default-version.md	2790	refs/pr/upstream/2790
2790-modal-widgets.md	2790	refs/pr/upstream/2790
2801-untrusted-event-data.md	2790	refs/pr/upstream/2790
2844-global-versioning.md	2790	refs/pr/upstream/2790
2858-Multiple-SSO-Identity-Providers.md	2790	refs/pr/upstream/2790
2874-single-ssss.md	2790	refs/pr/upstream/2790
2998-rooms-v7.md	2790	refs/pr/upstream/2790
3122-deprecate-starting-verifications-without-request.md	2790	refs/pr/upstream/2790
3173-expose-stripped-state-events.md	2790	refs/pr/upstream/2790
2802-full-abstraction.md	2802	refs/pr/upstream/2802
2812-role-based-power.md	2812	refs/pr/upstream/2812
2813-handling-invalid-widget-requests.md	2813	refs/pr/upstream/2813
2815-moderate-redacted-content.md	2815	refs/pr/upstream/2815
2828-restrict-user-ids.md	2828	refs/pr/upstream/2828
2836-threading.md	2836	refs/pr/upstream/2836
2845-thirdparty-api-phone.md	2845	refs/pr/upstream/2845
2846-decentralising-media-through-cids.md	2846	refs/pr/upstream/2846
2848-global-event-ids.md	2848	refs/pr/upstream/2848
2855-server-initiated-clear-cache.md	2855	refs/pr/upstream/2855
2871-widget-cap-respond.md	2871	refs/pr/upstream/2871
2872-move-widget-title-prop.md	2872	refs/pr/upstream/2872
2873-identifying-clients-in-widgets.md	2873	refs/pr/upstream/2873
2882-tempered-transitive-trust.md	2882	refs/pr/upstream/2882
2883-mls.md	2883	refs/pr/upstream/2883
2895-improve-membership.md	2895	refs/pr/upstream/2895
2923-connect-matrix-to-matrix.md	2923	refs/pr/upstream/2923
2931-widget-navigate-capability.md	2931	refs/pr/upstream/2931
2938-report-content-to-moderators.md	2938	refs/pr/upstream/2938
2943-member-sugar-apis-event-id.md	2943	refs/pr/upstream/2943
2949-optional-auth.md	2949	refs/pr/upstream/2949
2961-external-signatures.md	2961	refs/pr/upstream/2961
2962-spaces-access-control.md	2962	refs/pr/upstream/2962
2970-remove-pusher-path.md	2970	refs/pr/upstream/2970
2974-widgets-re-exchange-capabilities.md	2974	refs/pr/upstream/2974
2997-tshift.md	2997	refs/pr/upstream/2997
3008-widgets-scoped-access.md	3008	refs/pr/upstream/3008
3009-widgets-ws-transport.md	3009	refs/pr/upstream/3009
3014-full-event-with-rooms-pusher.md	3014	refs/pr/upstream/3014
3015-room-personal-overrides.md	3015	refs/pr/upstream/3015
3020-private-federations.md	3020	refs/pr/upstream/3020
3032-presence-revamp.md	3032	refs/pr/upstream/3032
3038-typed-typing-notifications.md	3038	refs/pr/upstream/3038
3051-scalable-relations.md	3051	refs/pr/upstream/3051
1756-cross-signing.md	3062	refs/pr/upstream/3062
2366-key-verification-accept.md	3062	refs/pr/upstream/3062
2844-global-versioning.md	3062	refs/pr/upstream/3062
2998-rooms-v7.md	3062	refs/pr/upstream/3062
3062-bot-verification.md	3062	refs/pr/upstream/3062
0000-proposal-template.md	3079	refs/pr/upstream/3079
1543-qr_code_key_verification.md	3079	refs/pr/upstream/3079
1756-cross-signing.md	3079	refs/pr/upstream/3079
1779-open-governance.md	3079	refs/pr/upstream/3079
1946-secure_server-side_storage.md	3079	refs/pr/upstream/3079
1960-integrations-openid.md	3079	refs/pr/upstream/3079
2010-spoilers.md	3079	refs/pr/upstream/3079
2033-whoami-device-id.md	3079	refs/pr/upstream/3079
2184-allow-html-details.md	3079	refs/pr/upstream/3079
2209-auth-rules-other-keys-in-m.room.power.levels.md	3079	refs/pr/upstream/3079
2240-rooms-v6.md	3079	refs/pr/upstream/3079
2265-email-lowercase.md	3079	refs/pr/upstream/3079
2320-identity-versions.md	3079	refs/pr/upstream/3079
2366-key-verification-accept.md	3079	refs/pr/upstream/3079
2399-reporting-no-key-sent.md	3079	refs/pr/upstream/3079
2414-optional-content-reporting-reason.md	3079	refs/pr/upstream/3079
2422-allow-color-attribute-on-font-tag.md	3079	refs/pr/upstream/3079
2432-revised-alias-publishing.md	3079	refs/pr/upstream/3079
2451-remove-query_auth-federation-endpoint.md	3079	refs/pr/upstream/3079
2454-ui-interactive-auth-for-sso.md	3079	refs/pr/upstream/3079
2457-password-modification-invalidating-devices.md	3079	refs/pr/upstream/3079
2472-symmetric-ssss.md	3079	refs/pr/upstream/3079
2526-add-delete-backup.md	3079	refs/pr/upstream/3079
2540-stricter-event-validation.md	3079	refs/pr/upstream/3079
2557-spoiler-clarifications.md	3079	refs/pr/upstream/3079
2604-login-fallback-device-info.md	3079	refs/pr/upstream/3079
2610-remove-oauth2-auth-type.md	3079	refs/pr/upstream/3079
2611-remove-login-auth-type.md	3079	refs/pr/upstream/3079
2630-sas-check-public-keys.md	3079	refs/pr/upstream/3079
2663-errors-nonexistent-push-rules.md	3079	refs/pr/upstream/3079
2689-fix-e2ee-for-guests.md	3079	refs/pr/upstream/3079
2758-textual-id-grammar.md	3079	refs/pr/upstream/3079
2765-widget-avatars.md	3079	refs/pr/upstream/3079
2774-widget-id.md	3079	refs/pr/upstream/3079
2788-v6-default-version.md	3079	refs/pr/upstream/3079
2801-untrusted-event-data.md	3079	refs/pr/upstream/3079
2844-global-versioning.md	3079	refs/pr/upstream/3079
2858-Multiple-SSO-Identity-Providers.md	3079	refs/pr/upstream/3079
2874-single-ssss.md	3079	refs/pr/upstream/3079
2998-rooms-v7.md	3079	refs/pr/upstream/3079
3079-low-bandwidth-csapi.md	3079	refs/pr/upstream/3079
0000-proposal-template.md	3086	refs/pr/upstream/3086
1543-qr_code_key_verification.md	3086	refs/pr/upstream/3086
1756-cross-signing.md	3086	refs/pr/upstream/3086
1779-open-governance.md	3086	refs/pr/upstream/3086
1946-secure_server-side_storage.md	3086	refs/pr/upstream/3086
1960-integrations-openid.md	3086	refs/pr/upstream/3086
2010-spoilers.md	3086	refs/pr/upstream/3086
2033-whoami-device-id.md	3086	refs/pr/upstream/3086
2184-allow-html-details.md	3086	refs/pr/upstream/3086
2209-auth-rules-other-keys-in-m.room.power.levels.md	3086	refs/pr/upstream/3086
2240-rooms-v6.md	3086	refs/pr/upstream/3086
2265-email-lowercase.md	3086	refs/pr/upstream/3086
2320-identity-versions.md	3086	refs/pr/upstream/3086
2366-key-verification-accept.md	3086	refs/pr/upstream/3086
2399-reporting-no-key-sent.md	3086	refs/pr/upstream/3086
2414-optional-content-reporting-reason.md	3086	refs/pr/upstream/3086
2422-allow-color-attribute-on-font-tag.md	3086	refs/pr/upstream/3086
2432-revised-alias-publishing.md	3086	refs/pr/upstream/3086
2451-remove-query_auth-federation-endpoint.md	3086	refs/pr/upstream/3086
2454-ui-interactive-auth-for-sso.md	3086	refs/pr/upstream/3086
2457-password-modification-invalidating-devices.md	3086	refs/pr/upstream/3086
2472-symmetric-ssss.md	3086	refs/pr/upstream/3086
2526-add-delete-backup.md	3086	refs/pr/upstream/3086
2540-stricter-event-validation.md	3086	refs/pr/upstream/3086
2557-spoiler-clarifications.md	3086	refs/pr/upstream/3086
2604-login-fallback-device-info.md	3086	refs/pr/upstream/3086
2610-remove-oauth2-auth-type.md	3086	refs/pr/upstream/3086
2611-remove-login-auth-type.md	3086	refs/pr/upstream/3086
2630-sas-check-public-keys.md	3086	refs/pr/upstream/3086
2663-errors-nonexistent-push-rules.md	3086	refs/pr/upstream/3086
2689-fix-e2ee-for-guests.md	3086	refs/pr/upstream/3086
2758-textual-id-grammar.md	3086	refs/pr/upstream/3086
2765-widget-avatars.md	3086	refs/pr/upstream/3086
2774-widget-id.md	3086	refs/pr/upstream/3086
2788-v6-default-version.md	3086	refs/pr/upstream/3086
2801-untrusted-event-data.md	3086	refs/pr/upstream/3086
2844-global-versioning.md	3086	refs/pr/upstream/3086
2858-Multiple-SSO-Identity-Providers.md	3086	refs/pr/upstream/3086
2874-single-ssss.md	3086	refs/pr/upstream/3086
2998-rooms-v7.md	3086	refs/pr/upstream/3086
3086-voip-asserted-identity.md	3086	refs/pr/upstream/3086
0000-proposal-template.md	3088	refs/pr/upstream/3088
1543-qr_code_key_verification.md	3088	refs/pr/upstream/3088
1756-cross-signing.md	3088	refs/pr/upstream/3088
1779-open-governance.md	3088	refs/pr/upstream/3088
1946-secure_server-side_storage.md	3088	refs/pr/upstream/3088
1960-integrations-openid.md	3088	refs/pr/upstream/3088
2010-spoilers.md	3088	refs/pr/upstream/3088
2033-whoami-device-id.md	3088	refs/pr/upstream/3088
2184-allow-html-details.md	3088	refs/pr/upstream/3088
2209-auth-rules-other-keys-in-m.room.power.levels.md	3088	refs/pr/upstream/3088
2240-rooms-v6.md	3088	refs/pr/upstream/3088
2265-email-lowercase.md	3088	refs/pr/upstream/3088
2320-identity-versions.md	3088	refs/pr/upstream/3088
2366-key-verification-accept.md	3088	refs/pr/upstream/3088
2399-reporting-no-key-sent.md	3088	refs/pr/upstream/3088
2414-optional-content-reporting-reason.md	3088	refs/pr/upstream/3088
2422-allow-color-attribute-on-font-tag.md	3088	refs/pr/upstream/3088
2432-revised-alias-publishing.md	3088	refs/pr/upstream/3088
2451-remove-query_auth-federation-endpoint.md	3088	refs/pr/upstream/3088
2454-ui-interactive-auth-for-sso.md	3088	refs/pr/upstream/3088
2457-password-modification-invalidating-devices.md	3088	refs/pr/upstream/3088
2472-symmetric-ssss.md	3088	refs/pr/upstream/3088
2526-add-delete-backup.md	3088	refs/pr/upstream/3088
2540-stricter-event-validation.md	3088	refs/pr/upstream/3088
2557-spoiler-clarifications.md	3088	refs/pr/upstream/3088
2604-login-fallback-device-info.md	3088	refs/pr/upstream/3088
2610-remove-oauth2-auth-type.md	3088	refs/pr/upstream/3088
2611-remove-login-auth-type.md	3088	refs/pr/upstream/3088
2630-sas-check-public-keys.md	3088	refs/pr/upstream/3088
2663-errors-nonexistent-push-rules.md	3088	refs/pr/upstream/3088
2689-fix-e2ee-for-guests.md	3088	refs/pr/upstream/3088
2758-textual-id-grammar.md	3088	refs/pr/upstream/3088
2765-widget-avatars.md	3088	refs/pr/upstream/3088
2774-widget-id.md	3088	refs/pr/upstream/3088
2788-v6-default-version.md	3088	refs/pr/upstream/3088
2801-untrusted-event-data.md	3088	refs/pr/upstream/3088
2844-global-versioning.md	3088	refs/pr/upstream/3088
2858-Multiple-SSO-Identity-Providers.md	3088	refs/pr/upstream/3088
2874-single-ssss.md	3088	refs/pr/upstream/3088
2998-rooms-v7.md	3088	refs/pr/upstream/3088
3088-room-subtyping.md	3088	refs/pr/upstream/3088
0000-proposal-template.md	3089	refs/pr/upstream/3089
1543-qr_code_key_verification.md	3089	refs/pr/upstream/3089
1756-cross-signing.md	3089	refs/pr/upstream/3089
1779-open-governance.md	3089	refs/pr/upstream/3089
1946-secure_server-side_storage.md	3089	refs/pr/upstream/3089
1960-integrations-openid.md	3089	refs/pr/upstream/3089
2010-spoilers.md	3089	refs/pr/upstream/3089
2033-whoami-device-id.md	3089	refs/pr/upstream/3089
2184-allow-html-details.md	3089	refs/pr/upstream/3089
2209-auth-rules-other-keys-in-m.room.power.levels.md	3089	refs/pr/upstream/3089
2240-rooms-v6.md	3089	refs/pr/upstream/3089
2265-email-lowercase.md	3089	refs/pr/upstream/3089
2320-identity-versions.md	3089	refs/pr/upstream/3089
2366-key-verification-accept.md	3089	refs/pr/upstream/3089
2399-reporting-no-key-sent.md	3089	refs/pr/upstream/3089
2414-optional-content-reporting-reason.md	3089	refs/pr/upstream/3089
2422-allow-color-attribute-on-font-tag.md	3089	refs/pr/upstream/3089
2432-revised-alias-publishing.md	3089	refs/pr/upstream/3089
2451-remove-query_auth-federation-endpoint.md	3089	refs/pr/upstream/3089
2454-ui-interactive-auth-for-sso.md	3089	refs/pr/upstream/3089
2457-password-modification-invalidating-devices.md	3089	refs/pr/upstream/3089
2472-symmetric-ssss.md	3089	refs/pr/upstream/3089
2526-add-delete-backup.md	3089	refs/pr/upstream/3089
2540-stricter-event-validation.md	3089	refs/pr/upstream/3089
2557-spoiler-clarifications.md	3089	refs/pr/upstream/3089
2604-login-fallback-device-info.md	3089	refs/pr/upstream/3089
2610-remove-oauth2-auth-type.md	3089	refs/pr/upstream/3089
2611-remove-login-auth-type.md	3089	refs/pr/upstream/3089
2630-sas-check-public-keys.md	3089	refs/pr/upstream/3089
2663-errors-nonexistent-push-rules.md	3089	refs/pr/upstream/3089
2689-fix-e2ee-for-guests.md	3089	refs/pr/upstream/3089
2758-textual-id-grammar.md	3089	refs/pr/upstream/3089
2765-widget-avatars.md	3089	refs/pr/upstream/3089
2774-widget-id.md	3089	refs/pr/upstream/3089
2788-v6-default-version.md	3089	refs/pr/upstream/3089
2801-untrusted-event-data.md	3089	refs/pr/upstream/3089
2844-global-versioning.md	3089	refs/pr/upstream/3089
2858-Multiple-SSO-Identity-Providers.md	3089	refs/pr/upstream/3089
2874-single-ssss.md	3089	refs/pr/upstream/3089
2998-rooms-v7.md	3089	refs/pr/upstream/3089
3089-file-tree-structures.md	3089	refs/pr/upstream/3089
0000-proposal-template.md	3131	refs/pr/upstream/3131
1219-storing-megolm-keys-serverside.md	3131	refs/pr/upstream/3131
1543-qr_code_key_verification.md	3131	refs/pr/upstream/3131
1756-cross-signing.md	3131	refs/pr/upstream/3131
1779-open-governance.md	3131	refs/pr/upstream/3131
1946-secure_server-side_storage.md	3131	refs/pr/upstream/3131
1960-integrations-openid.md	3131	refs/pr/upstream/3131
1983-leave-reasons.md	3131	refs/pr/upstream/3131
2010-spoilers.md	3131	refs/pr/upstream/3131
2033-whoami-device-id.md	3131	refs/pr/upstream/3131
2176-update-redaction-rules.md	3131	refs/pr/upstream/3131
2184-allow-html-details.md	3131	refs/pr/upstream/3131
2209-auth-rules-other-keys-in-m.room.power.levels.md	3131	refs/pr/upstream/3131
2229-rebind-existing-3pid.md	3131	refs/pr/upstream/3131
2240-rooms-v6.md	3131	refs/pr/upstream/3131
2244-mass-redactions.md	3131	refs/pr/upstream/3131
2265-email-lowercase.md	3131	refs/pr/upstream/3131
2284-optional-identity-server-discovery.md	3131	refs/pr/upstream/3131
2290-separate-threepid-bind-hs.md	3131	refs/pr/upstream/3131
2313-moderation-policy-rooms.md	3131	refs/pr/upstream/3131
2320-identity-versions.md	3131	refs/pr/upstream/3131
2324-when-to-ship.md	3131	refs/pr/upstream/3131
2334-default-room-version-v5.md	3131	refs/pr/upstream/3131
2366-key-verification-accept.md	3131	refs/pr/upstream/3131
2367-membership-reasons.md	3131	refs/pr/upstream/3131
2399-reporting-no-key-sent.md	3131	refs/pr/upstream/3131
2403-knock.md	3131	refs/pr/upstream/3131
2414-optional-content-reporting-reason.md	3131	refs/pr/upstream/3131
2422-allow-color-attribute-on-font-tag.md	3131	refs/pr/upstream/3131
2432-revised-alias-publishing.md	3131	refs/pr/upstream/3131
2451-remove-query_auth-federation-endpoint.md	3131	refs/pr/upstream/3131
2454-ui-interactive-auth-for-sso.md	3131	refs/pr/upstream/3131
2457-password-modification-invalidating-devices.md	3131	refs/pr/upstream/3131
2472-symmetric-ssss.md	3131	refs/pr/upstream/3131
2526-add-delete-backup.md	3131	refs/pr/upstream/3131
2540-stricter-event-validation.md	3131	refs/pr/upstream/3131
2557-spoiler-clarifications.md	3131	refs/pr/upstream/3131
2604-login-fallback-device-info.md	3131	refs/pr/upstream/3131
2610-remove-oauth2-auth-type.md	3131	refs/pr/upstream/3131
2611-remove-login-auth-type.md	3131	refs/pr/upstream/3131
2630-sas-check-public-keys.md	3131	refs/pr/upstream/3131
2663-errors-nonexistent-push-rules.md	3131	refs/pr/upstream/3131
2689-fix-e2ee-for-guests.md	3131	refs/pr/upstream/3131
2758-textual-id-grammar.md	3131	refs/pr/upstream/3131
2765-widget-avatars.md	3131	refs/pr/upstream/3131
2774-widget-id.md	3131	refs/pr/upstream/3131
2788-v6-default-version.md	3131	refs/pr/upstream/3131
2801-untrusted-event-data.md	3131	refs/pr/upstream/3131
2844-global-versioning.md	3131	refs/pr/upstream/3131
2858-Multiple-SSO-Identity-Providers.md	3131	refs/pr/upstream/3131
2874-single-ssss.md	3131	refs/pr/upstream/3131
2998-rooms-v7.md	3131	refs/pr/upstream/3131
3131-verifying-with-qr-codes-2.md	3131	refs/pr/upstream/3131
0000-proposal-template.md	3144	refs/pr/upstream/3144
1219-storing-megolm-keys-serverside.md	3144	refs/pr/upstream/3144
1543-qr_code_key_verification.md	3144	refs/pr/upstream/3144
1756-cross-signing.md	3144	refs/pr/upstream/3144
1779-open-governance.md	3144	refs/pr/upstream/3144
1802-standardised-federation-response-format.md	3144	refs/pr/upstream/3144
1930-tombstone-notifications.md	3144	refs/pr/upstream/3144
1946-secure_server-side_storage.md	3144	refs/pr/upstream/3144
1957-integrations-discovery.md	3144	refs/pr/upstream/3144
1960-integrations-openid.md	3144	refs/pr/upstream/3144
1961-integrations-auth.md	3144	refs/pr/upstream/3144
1983-leave-reasons.md	3144	refs/pr/upstream/3144
2010-spoilers.md	3144	refs/pr/upstream/3144
2033-whoami-device-id.md	3144	refs/pr/upstream/3144
2134-identity-hash-lookup.md	3144	refs/pr/upstream/3144
2140-terms-of-service-2.md	3144	refs/pr/upstream/3144
2174-move-redacts-key.md	3144	refs/pr/upstream/3144
2175-remove-creator-field.md	3144	refs/pr/upstream/3144
2176-update-redaction-rules.md	3144	refs/pr/upstream/3144
2181-user-deactivated-errcode.md	3144	refs/pr/upstream/3144
2184-allow-html-details.md	3144	refs/pr/upstream/3144
2197-search_filter_in_federation_publicrooms.md	3144	refs/pr/upstream/3144
2209-auth-rules-other-keys-in-m.room.power.levels.md	3144	refs/pr/upstream/3144
2229-rebind-existing-3pid.md	3144	refs/pr/upstream/3144
2230-identity-server-account-data.md	3144	refs/pr/upstream/3144
2240-rooms-v6.md	3144	refs/pr/upstream/3144
2244-mass-redactions.md	3144	refs/pr/upstream/3144
2263-homeserver-pw-resets.md	3144	refs/pr/upstream/3144
2265-email-lowercase.md	3144	refs/pr/upstream/3144
2284-optional-identity-server-discovery.md	3144	refs/pr/upstream/3144
2290-separate-threepid-bind-hs.md	3144	refs/pr/upstream/3144
2312-matrix-uri.md	3144	refs/pr/upstream/3144
2313-moderation-policy-rooms.md	3144	refs/pr/upstream/3144
2320-identity-versions.md	3144	refs/pr/upstream/3144
2324-when-to-ship.md	3144	refs/pr/upstream/3144
2334-default-room-version-v5.md	3144	refs/pr/upstream/3144
2366-key-verification-accept.md	3144	refs/pr/upstream/3144
2367-membership-reasons.md	3144	refs/pr/upstream/3144
2399-reporting-no-key-sent.md	3144	refs/pr/upstream/3144
2403-knock.md	3144	refs/pr/upstream/3144
2414-optional-content-reporting-reason.md	3144	refs/pr/upstream/3144
2422-allow-color-attribute-on-font-tag.md	3144	refs/pr/upstream/3144
2432-revised-alias-publishing.md	3144	refs/pr/upstream/3144
2451-remove-query_auth-federation-endpoint.md	3144	refs/pr/upstream/3144
2454-ui-interactive-auth-for-sso.md	3144	refs/pr/upstream/3144
2457-password-modification-invalidating-devices.md	3144	refs/pr/upstream/3144
2472-symmetric-ssss.md	3144	refs/pr/upstream/3144
2526-add-delete-backup.md	3144	refs/pr/upstream/3144
2540-stricter-event-validation.md	3144	refs/pr/upstream/3144
2557-spoiler-clarifications.md	3144	refs/pr/upstream/3144
2604-login-fallback-device-info.md	3144	refs/pr/upstream/3144
2610-remove-oauth2-auth-type.md	3144	refs/pr/upstream/3144
2611-remove-login-auth-type.md	3144	refs/pr/upstream/3144
2630-sas-check-public-keys.md	3144	refs/pr/upstream/3144
2663-errors-nonexistent-push-rules.md	3144	refs/pr/upstream/3144
2689-fix-e2ee-for-guests.md	3144	refs/pr/upstream/3144
2758-textual-id-grammar.md	3144	refs/pr/upstream/3144
2765-widget-avatars.md	3144	refs/pr/upstream/3144
2774-widget-id.md	3144	refs/pr/upstream/3144
2788-v6-default-version.md	3144	refs/pr/upstream/3144
2801-untrusted-event-data.md	3144	refs/pr/upstream/3144
2844-global-versioning.md	3144	refs/pr/upstream/3144
2858-Multiple-SSO-Identity-Providers.md	3144	refs/pr/upstream/3144
2874-single-ssss.md	3144	refs/pr/upstream/3144
2998-rooms-v7.md	3144	refs/pr/upstream/3144
3144-allow-widgets-in-private-rooms.md	3144	refs/pr/upstream/3144
0000-proposal-template.md	3160	refs/pr/upstream/3160
1219-storing-megolm-keys-serverside.md	3160	refs/pr/upstream/3160
1543-qr_code_key_verification.md	3160	refs/pr/upstream/3160
1756-cross-signing.md	3160	refs/pr/upstream/3160
1779-open-governance.md	3160	refs/pr/upstream/3160
1802-standardised-federation-response-format.md	3160	refs/pr/upstream/3160
1930-tombstone-notifications.md	3160	refs/pr/upstream/3160
1946-secure_server-side_storage.md	3160	refs/pr/upstream/3160
1957-integrations-discovery.md	3160	refs/pr/upstream/3160
1960-integrations-openid.md	3160	refs/pr/upstream/3160
1961-integrations-auth.md	3160	refs/pr/upstream/3160
1983-leave-reasons.md	3160	refs/pr/upstream/3160
2010-spoilers.md	3160	refs/pr/upstream/3160
2033-whoami-device-id.md	3160	refs/pr/upstream/3160
2134-identity-hash-lookup.md	3160	refs/pr/upstream/3160
2140-terms-of-service-2.md	3160	refs/pr/upstream/3160
2174-move-redacts-key.md	3160	refs/pr/upstream/3160
2175-remove-creator-field.md	3160	refs/pr/upstream/3160
2176-update-redaction-rules.md	3160	refs/pr/upstream/3160
2181-user-deactivated-errcode.md	3160	refs/pr/upstream/3160
2184-allow-html-details.md	3160	refs/pr/upstream/3160
2197-search_filter_in_federation_publicrooms.md	3160	refs/pr/upstream/3160
2209-auth-rules-other-keys-in-m.room.power.levels.md	3160	refs/pr/upstream/3160
2229-rebind-existing-3pid.md	3160	refs/pr/upstream/3160
2230-identity-server-account-data.md	3160	refs/pr/upstream/3160
2240-rooms-v6.md	3160	refs/pr/upstream/3160
2244-mass-redactions.md	3160	refs/pr/upstream/3160
2263-homeserver-pw-resets.md	3160	refs/pr/upstream/3160
2265-email-lowercase.md	3160	refs/pr/upstream/3160
2284-optional-identity-server-discovery.md	3160	refs/pr/upstream/3160
2290-separate-threepid-bind-hs.md	3160	refs/pr/upstream/3160
2312-matrix-uri.md	3160	refs/pr/upstream/3160
2313-moderation-policy-rooms.md	3160	refs/pr/upstream/3160
2320-identity-versions.md	3160	refs/pr/upstream/3160
2324-when-to-ship.md	3160	refs/pr/upstream/3160
2334-default-room-version-v5.md	3160	refs/pr/upstream/3160
2366-key-verification-accept.md	3160	refs/pr/upstream/3160
2367-membership-reasons.md	3160	refs/pr/upstream/3160
2399-reporting-no-key-sent.md	3160	refs/pr/upstream/3160
2403-knock.md	3160	refs/pr/upstream/3160
2414-optional-content-reporting-reason.md	3160	refs/pr/upstream/3160
2422-allow-color-attribute-on-font-tag.md	3160	refs/pr/upstream/3160
2432-revised-alias-publishing.md	3160	refs/pr/upstream/3160
2451-remove-query_auth-federation-endpoint.md	3160	refs/pr/upstream/3160
2454-ui-interactive-auth-for-sso.md	3160	refs/pr/upstream/3160
2457-password-modification-invalidating-devices.md	3160	refs/pr/upstream/3160
2472-symmetric-ssss.md	3160	refs/pr/upstream/3160
2526-add-delete-backup.md	3160	refs/pr/upstream/3160
2540-stricter-event-validation.md	3160	refs/pr/upstream/3160
2557-spoiler-clarifications.md	3160	refs/pr/upstream/3160
2604-login-fallback-device-info.md	3160	refs/pr/upstream/3160
2610-remove-oauth2-auth-type.md	3160	refs/pr/upstream/3160
2611-remove-login-auth-type.md	3160	refs/pr/upstream/3160
2630-sas-check-public-keys.md	3160	refs/pr/upstream/3160
2663-errors-nonexistent-push-rules.md	3160	refs/pr/upstream/3160
2689-fix-e2ee-for-guests.md	3160	refs/pr/upstream/3160
2713-remove-deprecated-identity-endpoints.md	3160	refs/pr/upstream/3160
2758-textual-id-grammar.md	3160	refs/pr/upstream/3160
2765-widget-avatars.md	3160	refs/pr/upstream/3160
2774-widget-id.md	3160	refs/pr/upstream/3160
2788-v6-default-version.md	3160	refs/pr/upstream/3160
2801-untrusted-event-data.md	3160	refs/pr/upstream/3160
2844-global-versioning.md	3160	refs/pr/upstream/3160
2858-Multiple-SSO-Identity-Providers.md	3160	refs/pr/upstream/3160
2874-single-ssss.md	3160	refs/pr/upstream/3160
2998-rooms-v7.md	3160	refs/pr/upstream/3160
3160-message-timezone-markup.md	3160	refs/pr/upstream/3160
1543-qr_code_key_verification.md	3184	refs/pr/upstream/3184
1756-cross-signing.md	3184	refs/pr/upstream/3184
2010-spoilers.md	3184	refs/pr/upstream/3184
2184-allow-html-details.md	3184	refs/pr/upstream/3184
2241-e2e-verification-in-dms.md	3184	refs/pr/upstream/3184
2312-matrix-uri.md	3184	refs/pr/upstream/3184
2320-identity-versions.md	3184	refs/pr/upstream/3184
2366-key-verification-accept.md	3184	refs/pr/upstream/3184
2403-knock.md	3184	refs/pr/upstream/3184
2414-optional-content-reporting-reason.md	3184	refs/pr/upstream/3184
2557-spoiler-clarifications.md	3184	refs/pr/upstream/3184
2713-remove-deprecated-identity-endpoints.md	3184	refs/pr/upstream/3184
2758-textual-id-grammar.md	3184	refs/pr/upstream/3184
2765-widget-avatars.md	3184	refs/pr/upstream/3184
2774-widget-id.md	3184	refs/pr/upstream/3184
2788-v6-default-version.md	3184	refs/pr/upstream/3184
2801-untrusted-event-data.md	3184	refs/pr/upstream/3184
2844-global-versioning.md	3184	refs/pr/upstream/3184
2858-Multiple-SSO-Identity-Providers.md	3184	refs/pr/upstream/3184
2874-single-ssss.md	3184	refs/pr/upstream/3184
2998-rooms-v7.md	3184	refs/pr/upstream/3184
3122-deprecate-starting-verifications-without-request.md	3184	refs/pr/upstream/3184
3184-challenges.md	3184	refs/pr/upstream/3184
1543-qr_code_key_verification.md	3189	refs/pr/upstream/3189
1756-cross-signing.md	3189	refs/pr/upstream/3189
1772-groups-as-rooms.md	3189	refs/pr/upstream/3189
2010-spoilers.md	3189	refs/pr/upstream/3189
2184-allow-html-details.md	3189	refs/pr/upstream/3189
2241-e2e-verification-in-dms.md	3189	refs/pr/upstream/3189
2312-matrix-uri.md	3189	refs/pr/upstream/3189
2320-identity-versions.md	3189	refs/pr/upstream/3189
2366-key-verification-accept.md	3189	refs/pr/upstream/3189
2403-knock.md	3189	refs/pr/upstream/3189
2414-optional-content-reporting-reason.md	3189	refs/pr/upstream/3189
2557-spoiler-clarifications.md	3189	refs/pr/upstream/3189
2713-remove-deprecated-identity-endpoints.md	3189	refs/pr/upstream/3189
2758-textual-id-grammar.md	3189	refs/pr/upstream/3189
2765-widget-avatars.md	3189	refs/pr/upstream/3189
2774-widget-id.md	3189	refs/pr/upstream/3189
2788-v6-default-version.md	3189	refs/pr/upstream/3189
2801-untrusted-event-data.md	3189	refs/pr/upstream/3189
2844-global-versioning.md	3189	refs/pr/upstream/3189
2858-Multiple-SSO-Identity-Providers.md	3189	refs/pr/upstream/3189
2874-single-ssss.md	3189	refs/pr/upstream/3189
2998-rooms-v7.md	3189	refs/pr/upstream/3189
3122-deprecate-starting-verifications-without-request.md	3189	refs/pr/upstream/3189
3189-per-room-per-space-profiles.md	3189	refs/pr/upstream/3189
1543-qr_code_key_verification.md	3192	refs/pr/upstream/3192
1756-cross-signing.md	3192	refs/pr/upstream/3192
1772-groups-as-rooms.md	3192	refs/pr/upstream/3192
2010-spoilers.md	3192	refs/pr/upstream/3192
2184-allow-html-details.md	3192	refs/pr/upstream/3192
2241-e2e-verification-in-dms.md	3192	refs/pr/upstream/3192
2312-matrix-uri.md	3192	refs/pr/upstream/3192
2320-identity-versions.md	3192	refs/pr/upstream/3192
2366-key-verification-accept.md	3192	refs/pr/upstream/3192
2403-knock.md	3192	refs/pr/upstream/3192
2414-optional-content-reporting-reason.md	3192	refs/pr/upstream/3192
2557-spoiler-clarifications.md	3192	refs/pr/upstream/3192
2713-remove-deprecated-identity-endpoints.md	3192	refs/pr/upstream/3192
2758-textual-id-grammar.md	3192	refs/pr/upstream/3192
2765-widget-avatars.md	3192	refs/pr/upstream/3192
2774-widget-id.md	3192	refs/pr/upstream/3192
2788-v6-default-version.md	3192	refs/pr/upstream/3192
2801-untrusted-event-data.md	3192	refs/pr/upstream/3192
2844-global-versioning.md	3192	refs/pr/upstream/3192
2858-Multiple-SSO-Identity-Providers.md	3192	refs/pr/upstream/3192
2874-single-ssss.md	3192	refs/pr/upstream/3192
2998-rooms-v7.md	3192	refs/pr/upstream/3192
3122-deprecate-starting-verifications-without-request.md	3192	refs/pr/upstream/3192
3192-batch-state.md	3192	refs/pr/upstream/3192
1543-qr_code_key_verification.md	3202	refs/pr/upstream/3202
1756-cross-signing.md	3202	refs/pr/upstream/3202
1767-extensible-events.md	3202	refs/pr/upstream/3202
1772-groups-as-rooms.md	3202	refs/pr/upstream/3202
1960-integrations-openid.md	3202	refs/pr/upstream/3202
2010-spoilers.md	3202	refs/pr/upstream/3202
2184-allow-html-details.md	3202	refs/pr/upstream/3202
2241-e2e-verification-in-dms.md	3202	refs/pr/upstream/3202
2265-email-lowercase.md	3202	refs/pr/upstream/3202
2285-hidden-read-receipts.md	3202	refs/pr/upstream/3202
2312-matrix-uri.md	3202	refs/pr/upstream/3202
2320-identity-versions.md	3202	refs/pr/upstream/3202
2366-key-verification-accept.md	3202	refs/pr/upstream/3202
2403-knock.md	3202	refs/pr/upstream/3202
2414-optional-content-reporting-reason.md	3202	refs/pr/upstream/3202
2557-spoiler-clarifications.md	3202	refs/pr/upstream/3202
2674-event-relationships.md	3202	refs/pr/upstream/3202
2675-aggregations-server.md	3202	refs/pr/upstream/3202
2676-message-editing.md	3202	refs/pr/upstream/3202
2713-remove-deprecated-identity-endpoints.md	3202	refs/pr/upstream/3202
2732-olm-fallback-keys.md	3202	refs/pr/upstream/3202
2758-textual-id-grammar.md	3202	refs/pr/upstream/3202
2765-widget-avatars.md	3202	refs/pr/upstream/3202
2774-widget-id.md	3202	refs/pr/upstream/3202
2778-appservice-login.md	3202	refs/pr/upstream/3202
2788-v6-default-version.md	3202	refs/pr/upstream/3202
2801-untrusted-event-data.md	3202	refs/pr/upstream/3202
2832-appservice-auth-fix.md	3202	refs/pr/upstream/3202
2844-global-versioning.md	3202	refs/pr/upstream/3202
2858-Multiple-SSO-Identity-Providers.md	3202	refs/pr/upstream/3202
2874-single-ssss.md	3202	refs/pr/upstream/3202
2918-refreshtokens.md	3202	refs/pr/upstream/3202
2946-spaces-summary.md	3202	refs/pr/upstream/3202
2998-rooms-v7.md	3202	refs/pr/upstream/3202
3030-jump-to-date.md	3202	refs/pr/upstream/3202
3069-guests-whoami.md	3202	refs/pr/upstream/3202
3083-restricted-rooms.md	3202	refs/pr/upstream/3202
3122-deprecate-starting-verifications-without-request.md	3202	refs/pr/upstream/3202
3173-expose-stripped-state-events.md	3202	refs/pr/upstream/3202
3202-encrypted-appservices.md	3202	refs/pr/upstream/3202
3231-token-authenticated-registration.md	3202	refs/pr/upstream/3202
3267-reference-relations.md	3202	refs/pr/upstream/3202
3283-enable_set_displayname-capabilities.md	3202	refs/pr/upstream/3202
3288-pass_room_type_in_3pid_invite.md	3202	refs/pr/upstream/3202
3289-rooms-v8.md	3202	refs/pr/upstream/3202
3316-appservice-timestamp-massaging.md	3202	refs/pr/upstream/3202
1543-qr_code_key_verification.md	3214	refs/pr/upstream/3214
1756-cross-signing.md	3214	refs/pr/upstream/3214
1772-groups-as-rooms.md	3214	refs/pr/upstream/3214
2010-spoilers.md	3214	refs/pr/upstream/3214
2184-allow-html-details.md	3214	refs/pr/upstream/3214
2241-e2e-verification-in-dms.md	3214	refs/pr/upstream/3214
2312-matrix-uri.md	3214	refs/pr/upstream/3214
2320-identity-versions.md	3214	refs/pr/upstream/3214
2366-key-verification-accept.md	3214	refs/pr/upstream/3214
2403-knock.md	3214	refs/pr/upstream/3214
2414-optional-content-reporting-reason.md	3214	refs/pr/upstream/3214
2557-spoiler-clarifications.md	3214	refs/pr/upstream/3214
2713-remove-deprecated-identity-endpoints.md	3214	refs/pr/upstream/3214
2758-textual-id-grammar.md	3214	refs/pr/upstream/3214
2765-widget-avatars.md	3214	refs/pr/upstream/3214
2774-widget-id.md	3214	refs/pr/upstream/3214
2788-v6-default-version.md	3214	refs/pr/upstream/3214
2801-untrusted-event-data.md	3214	refs/pr/upstream/3214
2844-global-versioning.md	3214	refs/pr/upstream/3214
2858-Multiple-SSO-Identity-Providers.md	3214	refs/pr/upstream/3214
2874-single-ssss.md	3214	refs/pr/upstream/3214
2998-rooms-v7.md	3214	refs/pr/upstream/3214
3122-deprecate-starting-verifications-without-request.md	3214	refs/pr/upstream/3214
3214-initial-state-power-levels.md	3214	refs/pr/upstream/3214
3216-spaces-synchronized-access-control.md	3216	refs/pr/upstream/3216
1543-qr_code_key_verification.md	3217	refs/pr/upstream/3217
1756-cross-signing.md	3217	refs/pr/upstream/3217
1772-groups-as-rooms.md	3217	refs/pr/upstream/3217
2010-spoilers.md	3217	refs/pr/upstream/3217
2184-allow-html-details.md	3217	refs/pr/upstream/3217
2241-e2e-verification-in-dms.md	3217	refs/pr/upstream/3217
2312-matrix-uri.md	3217	refs/pr/upstream/3217
2320-identity-versions.md	3217	refs/pr/upstream/3217
2366-key-verification-accept.md	3217	refs/pr/upstream/3217
2403-knock.md	3217	refs/pr/upstream/3217
2414-optional-content-reporting-reason.md	3217	refs/pr/upstream/3217
2557-spoiler-clarifications.md	3217	refs/pr/upstream/3217
2713-remove-deprecated-identity-endpoints.md	3217	refs/pr/upstream/3217
2758-textual-id-grammar.md	3217	refs/pr/upstream/3217
2765-widget-avatars.md	3217	refs/pr/upstream/3217
2774-widget-id.md	3217	refs/pr/upstream/3217
2788-v6-default-version.md	3217	refs/pr/upstream/3217
2801-untrusted-event-data.md	3217	refs/pr/upstream/3217
2844-global-versioning.md	3217	refs/pr/upstream/3217
2858-Multiple-SSO-Identity-Providers.md	3217	refs/pr/upstream/3217
2874-single-ssss.md	3217	refs/pr/upstream/3217
2998-rooms-v7.md	3217	refs/pr/upstream/3217
3122-deprecate-starting-verifications-without-request.md	3217	refs/pr/upstream/3217
3217-operational-kicks.md	3217	refs/pr/upstream/3217
1543-qr_code_key_verification.md	3219	refs/pr/upstream/3219
1756-cross-signing.md	3219	refs/pr/upstream/3219
1772-groups-as-rooms.md	3219	refs/pr/upstream/3219
2010-spoilers.md	3219	refs/pr/upstream/3219
2184-allow-html-details.md	3219	refs/pr/upstream/3219
2241-e2e-verification-in-dms.md	3219	refs/pr/upstream/3219
2265-email-lowercase.md	3219	refs/pr/upstream/3219
2312-matrix-uri.md	3219	refs/pr/upstream/3219
2320-identity-versions.md	3219	refs/pr/upstream/3219
2366-key-verification-accept.md	3219	refs/pr/upstream/3219
2403-knock.md	3219	refs/pr/upstream/3219
2414-optional-content-reporting-reason.md	3219	refs/pr/upstream/3219
2557-spoiler-clarifications.md	3219	refs/pr/upstream/3219
2713-remove-deprecated-identity-endpoints.md	3219	refs/pr/upstream/3219
2758-textual-id-grammar.md	3219	refs/pr/upstream/3219
2765-widget-avatars.md	3219	refs/pr/upstream/3219
2774-widget-id.md	3219	refs/pr/upstream/3219
2788-v6-default-version.md	3219	refs/pr/upstream/3219
2801-untrusted-event-data.md	3219	refs/pr/upstream/3219
2844-global-versioning.md	3219	refs/pr/upstream/3219
2858-Multiple-SSO-Identity-Providers.md	3219	refs/pr/upstream/3219
2874-single-ssss.md	3219	refs/pr/upstream/3219
2998-rooms-v7.md	3219	refs/pr/upstream/3219
3122-deprecate-starting-verifications-without-request.md	3219	refs/pr/upstream/3219
3219-space-flair.md	3219	refs/pr/upstream/3219
1543-qr_code_key_verification.md	3230	refs/pr/upstream/3230
1756-cross-signing.md	3230	refs/pr/upstream/3230
2010-spoilers.md	3230	refs/pr/upstream/3230
2184-allow-html-details.md	3230	refs/pr/upstream/3230
2241-e2e-verification-in-dms.md	3230	refs/pr/upstream/3230
2312-matrix-uri.md	3230	refs/pr/upstream/3230
2320-identity-versions.md	3230	refs/pr/upstream/3230
2366-key-verification-accept.md	3230	refs/pr/upstream/3230
2403-knock.md	3230	refs/pr/upstream/3230
2414-optional-content-reporting-reason.md	3230	refs/pr/upstream/3230
2557-spoiler-clarifications.md	3230	refs/pr/upstream/3230
2713-remove-deprecated-identity-endpoints.md	3230	refs/pr/upstream/3230
2758-textual-id-grammar.md	3230	refs/pr/upstream/3230
2765-widget-avatars.md	3230	refs/pr/upstream/3230
2774-widget-id.md	3230	refs/pr/upstream/3230
2788-v6-default-version.md	3230	refs/pr/upstream/3230
2801-untrusted-event-data.md	3230	refs/pr/upstream/3230
2844-global-versioning.md	3230	refs/pr/upstream/3230
2858-Multiple-SSO-Identity-Providers.md	3230	refs/pr/upstream/3230
2874-single-ssss.md	3230	refs/pr/upstream/3230
2998-rooms-v7.md	3230	refs/pr/upstream/3230
3122-deprecate-starting-verifications-without-request.md	3230	refs/pr/upstream/3230
3230-spaces_top_level_order.md	3230	refs/pr/upstream/3230
1543-qr_code_key_verification.md	3245	refs/pr/upstream/3245
1756-cross-signing.md	3245	refs/pr/upstream/3245
1767-extensible-events.md	3245	refs/pr/upstream/3245
1772-groups-as-rooms.md	3245	refs/pr/upstream/3245
1960-integrations-openid.md	3245	refs/pr/upstream/3245
2010-spoilers.md	3245	refs/pr/upstream/3245
2184-allow-html-details.md	3245	refs/pr/upstream/3245
2241-e2e-verification-in-dms.md	3245	refs/pr/upstream/3245
2265-email-lowercase.md	3245	refs/pr/upstream/3245
2285-hidden-read-receipts.md	3245	refs/pr/upstream/3245
2312-matrix-uri.md	3245	refs/pr/upstream/3245
2320-identity-versions.md	3245	refs/pr/upstream/3245
2366-key-verification-accept.md	3245	refs/pr/upstream/3245
2403-knock.md	3245	refs/pr/upstream/3245
2414-optional-content-reporting-reason.md	3245	refs/pr/upstream/3245
2557-spoiler-clarifications.md	3245	refs/pr/upstream/3245
2674-event-relationships.md	3245	refs/pr/upstream/3245
2675-aggregations-server.md	3245	refs/pr/upstream/3245
2676-message-editing.md	3245	refs/pr/upstream/3245
2677-reactions.md	3245	refs/pr/upstream/3245
2713-remove-deprecated-identity-endpoints.md	3245	refs/pr/upstream/3245
2732-olm-fallback-keys.md	3245	refs/pr/upstream/3245
2758-textual-id-grammar.md	3245	refs/pr/upstream/3245
2765-widget-avatars.md	3245	refs/pr/upstream/3245
2774-widget-id.md	3245	refs/pr/upstream/3245
2778-appservice-login.md	3245	refs/pr/upstream/3245
2788-v6-default-version.md	3245	refs/pr/upstream/3245
2801-untrusted-event-data.md	3245	refs/pr/upstream/3245
2832-appservice-auth-fix.md	3245	refs/pr/upstream/3245
2844-global-versioning.md	3245	refs/pr/upstream/3245
2858-Multiple-SSO-Identity-Providers.md	3245	refs/pr/upstream/3245
2874-single-ssss.md	3245	refs/pr/upstream/3245
2918-refreshtokens.md	3245	refs/pr/upstream/3245
2946-spaces-summary.md	3245	refs/pr/upstream/3245
2998-rooms-v7.md	3245	refs/pr/upstream/3245
3030-jump-to-date.md	3245	refs/pr/upstream/3245
3069-guests-whoami.md	3245	refs/pr/upstream/3245
3083-restricted-rooms.md	3245	refs/pr/upstream/3245
3122-deprecate-starting-verifications-without-request.md	3245	refs/pr/upstream/3245
3173-expose-stripped-state-events.md	3245	refs/pr/upstream/3245
3231-token-authenticated-registration.md	3245	refs/pr/upstream/3245
3245-voice-messages.md	3245	refs/pr/upstream/3245
3267-reference-relations.md	3245	refs/pr/upstream/3245
3283-enable_set_displayname-capabilities.md	3245	refs/pr/upstream/3245
3288-pass_room_type_in_3pid_invite.md	3245	refs/pr/upstream/3245
3289-rooms-v8.md	3245	refs/pr/upstream/3245
3316-appservice-timestamp-massaging.md	3245	refs/pr/upstream/3245
1543-qr_code_key_verification.md	3246	refs/pr/upstream/3246
1756-cross-signing.md	3246	refs/pr/upstream/3246
1772-groups-as-rooms.md	3246	refs/pr/upstream/3246
1960-integrations-openid.md	3246	refs/pr/upstream/3246
2010-spoilers.md	3246	refs/pr/upstream/3246
2184-allow-html-details.md	3246	refs/pr/upstream/3246
2241-e2e-verification-in-dms.md	3246	refs/pr/upstream/3246
2265-email-lowercase.md	3246	refs/pr/upstream/3246
2285-hidden-read-receipts.md	3246	refs/pr/upstream/3246
2312-matrix-uri.md	3246	refs/pr/upstream/3246
2320-identity-versions.md	3246	refs/pr/upstream/3246
2366-key-verification-accept.md	3246	refs/pr/upstream/3246
2403-knock.md	3246	refs/pr/upstream/3246
2414-optional-content-reporting-reason.md	3246	refs/pr/upstream/3246
2557-spoiler-clarifications.md	3246	refs/pr/upstream/3246
2674-event-relationships.md	3246	refs/pr/upstream/3246
2675-aggregations-server.md	3246	refs/pr/upstream/3246
2676-message-editing.md	3246	refs/pr/upstream/3246
2713-remove-deprecated-identity-endpoints.md	3246	refs/pr/upstream/3246
2732-olm-fallback-keys.md	3246	refs/pr/upstream/3246
2758-textual-id-grammar.md	3246	refs/pr/upstream/3246
2765-widget-avatars.md	3246	refs/pr/upstream/3246
2774-widget-id.md	3246	refs/pr/upstream/3246
2778-appservice-login.md	3246	refs/pr/upstream/3246
2788-v6-default-version.md	3246	refs/pr/upstream/3246
2801-untrusted-event-data.md	3246	refs/pr/upstream/3246
2832-appservice-auth-fix.md	3246	refs/pr/upstream/3246
2844-global-versioning.md	3246	refs/pr/upstream/3246
2858-Multiple-SSO-Identity-Providers.md	3246	refs/pr/upstream/3246
2874-single-ssss.md	3246	refs/pr/upstream/3246
2918-refreshtokens.md	3246	refs/pr/upstream/3246
2946-spaces-summary.md	3246	refs/pr/upstream/3246
2998-rooms-v7.md	3246	refs/pr/upstream/3246
3030-jump-to-date.md	3246	refs/pr/upstream/3246
3069-guests-whoami.md	3246	refs/pr/upstream/3246
3083-restricted-rooms.md	3246	refs/pr/upstream/3246
3122-deprecate-starting-verifications-without-request.md	3246	refs/pr/upstream/3246
3173-expose-stripped-state-events.md	3246	refs/pr/upstream/3246
3231-token-authenticated-registration.md	3246	refs/pr/upstream/3246
3246-audio-waveform.md	3246	refs/pr/upstream/3246
3267-reference-relations.md	3246	refs/pr/upstream/3246
3283-enable_set_displayname-capabilities.md	3246	refs/pr/upstream/3246
3288-pass_room_type_in_3pid_invite.md	3246	refs/pr/upstream/3246
3289-rooms-v8.md	3246	refs/pr/upstream/3246
3316-appservice-timestamp-massaging.md	3246	refs/pr/upstream/3246
1543-qr_code_key_verification.md	3262	refs/pr/upstream/3262
1756-cross-signing.md	3262	refs/pr/upstream/3262
1772-groups-as-rooms.md	3262	refs/pr/upstream/3262
2010-spoilers.md	3262	refs/pr/upstream/3262
2184-allow-html-details.md	3262	refs/pr/upstream/3262
2241-e2e-verification-in-dms.md	3262	refs/pr/upstream/3262
2265-email-lowercase.md	3262	refs/pr/upstream/3262
2312-matrix-uri.md	3262	refs/pr/upstream/3262
2320-identity-versions.md	3262	refs/pr/upstream/3262
2366-key-verification-accept.md	3262	refs/pr/upstream/3262
2403-knock.md	3262	refs/pr/upstream/3262
2414-optional-content-reporting-reason.md	3262	refs/pr/upstream/3262
2557-spoiler-clarifications.md	3262	refs/pr/upstream/3262
2713-remove-deprecated-identity-endpoints.md	3262	refs/pr/upstream/3262
2758-textual-id-grammar.md	3262	refs/pr/upstream/3262
2765-widget-avatars.md	3262	refs/pr/upstream/3262
2774-widget-id.md	3262	refs/pr/upstream/3262
2788-v6-default-version.md	3262	refs/pr/upstream/3262
2801-untrusted-event-data.md	3262	refs/pr/upstream/3262
2844-global-versioning.md	3262	refs/pr/upstream/3262
2858-Multiple-SSO-Identity-Providers.md	3262	refs/pr/upstream/3262
2874-single-ssss.md	3262	refs/pr/upstream/3262
2998-rooms-v7.md	3262	refs/pr/upstream/3262
3122-deprecate-starting-verifications-without-request.md	3262	refs/pr/upstream/3262
3262-apake_authentication.md	3262	refs/pr/upstream/3262
1543-qr_code_key_verification.md	3269	refs/pr/upstream/3269
1756-cross-signing.md	3269	refs/pr/upstream/3269
1772-groups-as-rooms.md	3269	refs/pr/upstream/3269
1960-integrations-openid.md	3269	refs/pr/upstream/3269
2010-spoilers.md	3269	refs/pr/upstream/3269
2184-allow-html-details.md	3269	refs/pr/upstream/3269
2241-e2e-verification-in-dms.md	3269	refs/pr/upstream/3269
2265-email-lowercase.md	3269	refs/pr/upstream/3269
2312-matrix-uri.md	3269	refs/pr/upstream/3269
2320-identity-versions.md	3269	refs/pr/upstream/3269
2366-key-verification-accept.md	3269	refs/pr/upstream/3269
2403-knock.md	3269	refs/pr/upstream/3269
2414-optional-content-reporting-reason.md	3269	refs/pr/upstream/3269
2557-spoiler-clarifications.md	3269	refs/pr/upstream/3269
2713-remove-deprecated-identity-endpoints.md	3269	refs/pr/upstream/3269
2732-olm-fallback-keys.md	3269	refs/pr/upstream/3269
2758-textual-id-grammar.md	3269	refs/pr/upstream/3269
2765-widget-avatars.md	3269	refs/pr/upstream/3269
2774-widget-id.md	3269	refs/pr/upstream/3269
2778-appservice-login.md	3269	refs/pr/upstream/3269
2788-v6-default-version.md	3269	refs/pr/upstream/3269
2801-untrusted-event-data.md	3269	refs/pr/upstream/3269
2844-global-versioning.md	3269	refs/pr/upstream/3269
2858-Multiple-SSO-Identity-Providers.md	3269	refs/pr/upstream/3269
2874-single-ssss.md	3269	refs/pr/upstream/3269
2998-rooms-v7.md	3269	refs/pr/upstream/3269
3122-deprecate-starting-verifications-without-request.md	3269	refs/pr/upstream/3269
3173-expose-stripped-state-events.md	3269	refs/pr/upstream/3269
3269-server-busy.md	3269	refs/pr/upstream/3269
1543-qr_code_key_verification.md	3277	refs/pr/upstream/3277
1756-cross-signing.md	3277	refs/pr/upstream/3277
1772-groups-as-rooms.md	3277	refs/pr/upstream/3277
1960-integrations-openid.md	3277	refs/pr/upstream/3277
2010-spoilers.md	3277	refs/pr/upstream/3277
2184-allow-html-details.md	3277	refs/pr/upstream/3277
2241-e2e-verification-in-dms.md	3277	refs/pr/upstream/3277
2265-email-lowercase.md	3277	refs/pr/upstream/3277
2312-matrix-uri.md	3277	refs/pr/upstream/3277
2320-identity-versions.md	3277	refs/pr/upstream/3277
2366-key-verification-accept.md	3277	refs/pr/upstream/3277
2403-knock.md	3277	refs/pr/upstream/3277
2414-optional-content-reporting-reason.md	3277	refs/pr/upstream/3277
2557-spoiler-clarifications.md	3277	refs/pr/upstream/3277
2713-remove-deprecated-identity-endpoints.md	3277	refs/pr/upstream/3277
2732-olm-fallback-keys.md	3277	refs/pr/upstream/3277
2758-textual-id-grammar.md	3277	refs/pr/upstream/3277
2765-widget-avatars.md	3277	refs/pr/upstream/3277
2774-widget-id.md	3277	refs/pr/upstream/3277
2778-appservice-login.md	3277	refs/pr/upstream/3277
2788-v6-default-version.md	3277	refs/pr/upstream/3277
2801-untrusted-event-data.md	3277	refs/pr/upstream/3277
2844-global-versioning.md	3277	refs/pr/upstream/3277
2858-Multiple-SSO-Identity-Providers.md	3277	refs/pr/upstream/3277
2874-single-ssss.md	3277	refs/pr/upstream/3277
2998-rooms-v7.md	3277	refs/pr/upstream/3277
3122-deprecate-starting-verifications-without-request.md	3277	refs/pr/upstream/3277
3173-expose-stripped-state-events.md	3277	refs/pr/upstream/3277
3277-scheduled-messages.md	3277	refs/pr/upstream/3277
1543-qr_code_key_verification.md	3309	refs/pr/upstream/3309
1756-cross-signing.md	3309	refs/pr/upstream/3309
1772-groups-as-rooms.md	3309	refs/pr/upstream/3309
1960-integrations-openid.md	3309	refs/pr/upstream/3309
2010-spoilers.md	3309	refs/pr/upstream/3309
2184-allow-html-details.md	3309	refs/pr/upstream/3309
2241-e2e-verification-in-dms.md	3309	refs/pr/upstream/3309
2265-email-lowercase.md	3309	refs/pr/upstream/3309
2312-matrix-uri.md	3309	refs/pr/upstream/3309
2320-identity-versions.md	3309	refs/pr/upstream/3309
2366-key-verification-accept.md	3309	refs/pr/upstream/3309
2403-knock.md	3309	refs/pr/upstream/3309
2414-optional-content-reporting-reason.md	3309	refs/pr/upstream/3309
2557-spoiler-clarifications.md	3309	refs/pr/upstream/3309
2713-remove-deprecated-identity-endpoints.md	3309	refs/pr/upstream/3309
2732-olm-fallback-keys.md	3309	refs/pr/upstream/3309
2758-textual-id-grammar.md	3309	refs/pr/upstream/3309
2765-widget-avatars.md	3309	refs/pr/upstream/3309
2774-widget-id.md	3309	refs/pr/upstream/3309
2778-appservice-login.md	3309	refs/pr/upstream/3309
2788-v6-default-version.md	3309	refs/pr/upstream/3309
2801-untrusted-event-data.md	3309	refs/pr/upstream/3309
2844-global-versioning.md	3309	refs/pr/upstream/3309
2858-Multiple-SSO-Identity-Providers.md	3309	refs/pr/upstream/3309
2874-single-ssss.md	3309	refs/pr/upstream/3309
2998-rooms-v7.md	3309	refs/pr/upstream/3309
3083-restricted-rooms.md	3309	refs/pr/upstream/3309
3122-deprecate-starting-verifications-without-request.md	3309	refs/pr/upstream/3309
3173-expose-stripped-state-events.md	3309	refs/pr/upstream/3309
3309-room-counters.md	3309	refs/pr/upstream/3309
1543-qr_code_key_verification.md	3325	refs/pr/upstream/3325
1756-cross-signing.md	3325	refs/pr/upstream/3325
1772-groups-as-rooms.md	3325	refs/pr/upstream/3325
1960-integrations-openid.md	3325	refs/pr/upstream/3325
2010-spoilers.md	3325	refs/pr/upstream/3325
2184-allow-html-details.md	3325	refs/pr/upstream/3325
2241-e2e-verification-in-dms.md	3325	refs/pr/upstream/3325
2265-email-lowercase.md	3325	refs/pr/upstream/3325
2312-matrix-uri.md	3325	refs/pr/upstream/3325
2320-identity-versions.md	3325	refs/pr/upstream/3325
2366-key-verification-accept.md	3325	refs/pr/upstream/3325
2403-knock.md	3325	refs/pr/upstream/3325
2414-optional-content-reporting-reason.md	3325	refs/pr/upstream/3325
2557-spoiler-clarifications.md	3325	refs/pr/upstream/3325
2713-remove-deprecated-identity-endpoints.md	3325	refs/pr/upstream/3325
2732-olm-fallback-keys.md	3325	refs/pr/upstream/3325
2758-textual-id-grammar.md	3325	refs/pr/upstream/3325
2765-widget-avatars.md	3325	refs/pr/upstream/3325
2774-widget-id.md	3325	refs/pr/upstream/3325
2778-appservice-login.md	3325	refs/pr/upstream/3325
2788-v6-default-version.md	3325	refs/pr/upstream/3325
2801-untrusted-event-data.md	3325	refs/pr/upstream/3325
2844-global-versioning.md	3325	refs/pr/upstream/3325
2858-Multiple-SSO-Identity-Providers.md	3325	refs/pr/upstream/3325
2874-single-ssss.md	3325	refs/pr/upstream/3325
2998-rooms-v7.md	3325	refs/pr/upstream/3325
3083-restricted-rooms.md	3325	refs/pr/upstream/3325
3122-deprecate-starting-verifications-without-request.md	3325	refs/pr/upstream/3325
3173-expose-stripped-state-events.md	3325	refs/pr/upstream/3325
3289-rooms-v8.md	3325	refs/pr/upstream/3325
3325-upgrading-invite-only-rooms.md	3325	refs/pr/upstream/3325
1543-qr_code_key_verification.md	3338	refs/pr/upstream/3338
1756-cross-signing.md	3338	refs/pr/upstream/3338
1772-groups-as-rooms.md	3338	refs/pr/upstream/3338
1960-integrations-openid.md	3338	refs/pr/upstream/3338
2010-spoilers.md	3338	refs/pr/upstream/3338
2184-allow-html-details.md	3338	refs/pr/upstream/3338
2241-e2e-verification-in-dms.md	3338	refs/pr/upstream/3338
2265-email-lowercase.md	3338	refs/pr/upstream/3338
2312-matrix-uri.md	3338	refs/pr/upstream/3338
2320-identity-versions.md	3338	refs/pr/upstream/3338
2366-key-verification-accept.md	3338	refs/pr/upstream/3338
2403-knock.md	3338	refs/pr/upstream/3338
2414-optional-content-reporting-reason.md	3338	refs/pr/upstream/3338
2557-spoiler-clarifications.md	3338	refs/pr/upstream/3338
2713-remove-deprecated-identity-endpoints.md	3338	refs/pr/upstream/3338
2732-olm-fallback-keys.md	3338	refs/pr/upstream/3338
2758-textual-id-grammar.md	3338	refs/pr/upstream/3338
2765-widget-avatars.md	3338	refs/pr/upstream/3338
2774-widget-id.md	3338	refs/pr/upstream/3338
2778-appservice-login.md	3338	refs/pr/upstream/3338
2788-v6-default-version.md	3338	refs/pr/upstream/3338
2801-untrusted-event-data.md	3338	refs/pr/upstream/3338
2844-global-versioning.md	3338	refs/pr/upstream/3338
2858-Multiple-SSO-Identity-Providers.md	3338	refs/pr/upstream/3338
2874-single-ssss.md	3338	refs/pr/upstream/3338
2998-rooms-v7.md	3338	refs/pr/upstream/3338
3083-restricted-rooms.md	3338	refs/pr/upstream/3338
3122-deprecate-starting-verifications-without-request.md	3338	refs/pr/upstream/3338
3173-expose-stripped-state-events.md	3338	refs/pr/upstream/3338
3289-rooms-v8.md	3338	refs/pr/upstream/3338
3338-preview-iframe.md	3338	refs/pr/upstream/3338
1543-qr_code_key_verification.md	3356	refs/pr/upstream/3356
1756-cross-signing.md	3356	refs/pr/upstream/3356
1772-groups-as-rooms.md	3356	refs/pr/upstream/3356
1960-integrations-openid.md	3356	refs/pr/upstream/3356
2010-spoilers.md	3356	refs/pr/upstream/3356
2184-allow-html-details.md	3356	refs/pr/upstream/3356
2241-e2e-verification-in-dms.md	3356	refs/pr/upstream/3356
2265-email-lowercase.md	3356	refs/pr/upstream/3356
2312-matrix-uri.md	3356	refs/pr/upstream/3356
2320-identity-versions.md	3356	refs/pr/upstream/3356
2366-key-verification-accept.md	3356	refs/pr/upstream/3356
2403-knock.md	3356	refs/pr/upstream/3356
2414-optional-content-reporting-reason.md	3356	refs/pr/upstream/3356
2557-spoiler-clarifications.md	3356	refs/pr/upstream/3356
2713-remove-deprecated-identity-endpoints.md	3356	refs/pr/upstream/3356
2732-olm-fallback-keys.md	3356	refs/pr/upstream/3356
2758-textual-id-grammar.md	3356	refs/pr/upstream/3356
2765-widget-avatars.md	3356	refs/pr/upstream/3356
2774-widget-id.md	3356	refs/pr/upstream/3356
2778-appservice-login.md	3356	refs/pr/upstream/3356
2788-v6-default-version.md	3356	refs/pr/upstream/3356
2801-untrusted-event-data.md	3356	refs/pr/upstream/3356
2844-global-versioning.md	3356	refs/pr/upstream/3356
2858-Multiple-SSO-Identity-Providers.md	3356	refs/pr/upstream/3356
2874-single-ssss.md	3356	refs/pr/upstream/3356
2998-rooms-v7.md	3356	refs/pr/upstream/3356
3083-restricted-rooms.md	3356	refs/pr/upstream/3356
3122-deprecate-starting-verifications-without-request.md	3356	refs/pr/upstream/3356
3173-expose-stripped-state-events.md	3356	refs/pr/upstream/3356
3289-rooms-v8.md	3356	refs/pr/upstream/3356
3356-add-openid-userinfo-fields.md	3356	refs/pr/upstream/3356
1543-qr_code_key_verification.md	3359	refs/pr/upstream/3359
1756-cross-signing.md	3359	refs/pr/upstream/3359
1772-groups-as-rooms.md	3359	refs/pr/upstream/3359
1960-integrations-openid.md	3359	refs/pr/upstream/3359
2010-spoilers.md	3359	refs/pr/upstream/3359
2184-allow-html-details.md	3359	refs/pr/upstream/3359
2241-e2e-verification-in-dms.md	3359	refs/pr/upstream/3359
2265-email-lowercase.md	3359	refs/pr/upstream/3359
2312-matrix-uri.md	3359	refs/pr/upstream/3359
2320-identity-versions.md	3359	refs/pr/upstream/3359
2366-key-verification-accept.md	3359	refs/pr/upstream/3359
2403-knock.md	3359	refs/pr/upstream/3359
2414-optional-content-reporting-reason.md	3359	refs/pr/upstream/3359
2557-spoiler-clarifications.md	3359	refs/pr/upstream/3359
2713-remove-deprecated-identity-endpoints.md	3359	refs/pr/upstream/3359
2732-olm-fallback-keys.md	3359	refs/pr/upstream/3359
2758-textual-id-grammar.md	3359	refs/pr/upstream/3359
2765-widget-avatars.md	3359	refs/pr/upstream/3359
2774-widget-id.md	3359	refs/pr/upstream/3359
2778-appservice-login.md	3359	refs/pr/upstream/3359
2788-v6-default-version.md	3359	refs/pr/upstream/3359
2801-untrusted-event-data.md	3359	refs/pr/upstream/3359
2844-global-versioning.md	3359	refs/pr/upstream/3359
2858-Multiple-SSO-Identity-Providers.md	3359	refs/pr/upstream/3359
2874-single-ssss.md	3359	refs/pr/upstream/3359
2998-rooms-v7.md	3359	refs/pr/upstream/3359
3083-restricted-rooms.md	3359	refs/pr/upstream/3359
3122-deprecate-starting-verifications-without-request.md	3359	refs/pr/upstream/3359
3173-expose-stripped-state-events.md	3359	refs/pr/upstream/3359
3289-rooms-v8.md	3359	refs/pr/upstream/3359
3359-delayed-push.md	3359	refs/pr/upstream/3359
1543-qr_code_key_verification.md	3360	refs/pr/upstream/3360
1756-cross-signing.md	3360	refs/pr/upstream/3360
1772-groups-as-rooms.md	3360	refs/pr/upstream/3360
1960-integrations-openid.md	3360	refs/pr/upstream/3360
2010-spoilers.md	3360	refs/pr/upstream/3360
2184-allow-html-details.md	3360	refs/pr/upstream/3360
2241-e2e-verification-in-dms.md	3360	refs/pr/upstream/3360
2265-email-lowercase.md	3360	refs/pr/upstream/3360
2312-matrix-uri.md	3360	refs/pr/upstream/3360
2320-identity-versions.md	3360	refs/pr/upstream/3360
2366-key-verification-accept.md	3360	refs/pr/upstream/3360
2403-knock.md	3360	refs/pr/upstream/3360
2414-optional-content-reporting-reason.md	3360	refs/pr/upstream/3360
2557-spoiler-clarifications.md	3360	refs/pr/upstream/3360
2713-remove-deprecated-identity-endpoints.md	3360	refs/pr/upstream/3360
2732-olm-fallback-keys.md	3360	refs/pr/upstream/3360
2758-textual-id-grammar.md	3360	refs/pr/upstream/3360
2765-widget-avatars.md	3360	refs/pr/upstream/3360
2774-widget-id.md	3360	refs/pr/upstream/3360
2778-appservice-login.md	3360	refs/pr/upstream/3360
2788-v6-default-version.md	3360	refs/pr/upstream/3360
2801-untrusted-event-data.md	3360	refs/pr/upstream/3360
2844-global-versioning.md	3360	refs/pr/upstream/3360
2858-Multiple-SSO-Identity-Providers.md	3360	refs/pr/upstream/3360
2874-single-ssss.md	3360	refs/pr/upstream/3360
2998-rooms-v7.md	3360	refs/pr/upstream/3360
3083-restricted-rooms.md	3360	refs/pr/upstream/3360
3122-deprecate-starting-verifications-without-request.md	3360	refs/pr/upstream/3360
3173-expose-stripped-state-events.md	3360	refs/pr/upstream/3360
3289-rooms-v8.md	3360	refs/pr/upstream/3360
3360-server-status.md	3360	refs/pr/upstream/3360
1543-qr_code_key_verification.md	3361	refs/pr/upstream/3361
1756-cross-signing.md	3361	refs/pr/upstream/3361
1772-groups-as-rooms.md	3361	refs/pr/upstream/3361
1960-integrations-openid.md	3361	refs/pr/upstream/3361
2010-spoilers.md	3361	refs/pr/upstream/3361
2184-allow-html-details.md	3361	refs/pr/upstream/3361
2241-e2e-verification-in-dms.md	3361	refs/pr/upstream/3361
2265-email-lowercase.md	3361	refs/pr/upstream/3361
2312-matrix-uri.md	3361	refs/pr/upstream/3361
2320-identity-versions.md	3361	refs/pr/upstream/3361
2366-key-verification-accept.md	3361	refs/pr/upstream/3361
2403-knock.md	3361	refs/pr/upstream/3361
2414-optional-content-reporting-reason.md	3361	refs/pr/upstream/3361
2557-spoiler-clarifications.md	3361	refs/pr/upstream/3361
2713-remove-deprecated-identity-endpoints.md	3361	refs/pr/upstream/3361
2732-olm-fallback-keys.md	3361	refs/pr/upstream/3361
2758-textual-id-grammar.md	3361	refs/pr/upstream/3361
2765-widget-avatars.md	3361	refs/pr/upstream/3361
2774-widget-id.md	3361	refs/pr/upstream/3361
2778-appservice-login.md	3361	refs/pr/upstream/3361
2788-v6-default-version.md	3361	refs/pr/upstream/3361
2801-untrusted-event-data.md	3361	refs/pr/upstream/3361
2844-global-versioning.md	3361	refs/pr/upstream/3361
2858-Multiple-SSO-Identity-Providers.md	3361	refs/pr/upstream/3361
2874-single-ssss.md	3361	refs/pr/upstream/3361
2998-rooms-v7.md	3361	refs/pr/upstream/3361
3083-restricted-rooms.md	3361	refs/pr/upstream/3361
3122-deprecate-starting-verifications-without-request.md	3361	refs/pr/upstream/3361
3173-expose-stripped-state-events.md	3361	refs/pr/upstream/3361
3289-rooms-v8.md	3361	refs/pr/upstream/3361
3361-opportunistic-direct-push.md	3361	refs/pr/upstream/3361
3368-message-content-tags.md	3368	refs/pr/upstream/3368
3385-refresh-room-upgrades.md	3385	refs/pr/upstream/3385
3386-unified-join-rules.md	3386	refs/pr/upstream/3386
3389-relation-redactions.md	3389	refs/pr/upstream/3389
3394-new-auth-rule-that-only-allows-someone-to-post-a-message-in-relation-to-another-message.md	3394	refs/pr/upstream/3394
3395-synthetic-appservice-events.md	3395	refs/pr/upstream/3395
3401-group-voip.md	3401	refs/pr/upstream/3401
3414-encrypted-state.md	3414	refs/pr/upstream/3414
3417-call-room-type.md	3417	refs/pr/upstream/3417
3468-mxc-hash.md	3468	refs/pr/upstream/3468
3469-http-range.md	3469	refs/pr/upstream/3469
3480-private-device-names.md	3480	refs/pr/upstream/3480
3488-location.md	3488	refs/pr/upstream/3488
3489-location-streaming.md	3489	refs/pr/upstream/3489
3531-hidden-messages.md	3531	refs/pr/upstream/3531
3547-appservice-global-read.md	3548	refs/pr/upstream/3548
3551-extensible-events-files.md	3551	refs/pr/upstream/3551
3552-extensible-events-images.md	3552	refs/pr/upstream/3552
3553-extensible-events-video.md	3553	refs/pr/upstream/3553
3554-extensible-events-translatable-messages.md	3554	refs/pr/upstream/3554
3570-relations-visibility.md	3570	refs/pr/upstream/3570
3571-aggregation-pagination.md	3571	refs/pr/upstream/3571
3574-resource-markup.md	3574	refs/pr/upstream/3574
3592-pdf-markup.md	3592	refs/pr/upstream/3592
3593-admin-safety-controls.md	3593	refs/pr/upstream/3593
3618-simplify-federation-send.md	3618	refs/pr/upstream/3618
3635-voip-early-media.md	3635	refs/pr/upstream/3635
3639-matrix-for-the-social-media-use-case.md	3639	refs/pr/upstream/3639
3644-extensible-replies-edits.md	3644	refs/pr/upstream/3644
3647-bring-your-own-bridge.md	3647	refs/pr/upstream/3647
3662-widget-share-api.md	3662	refs/pr/upstream/3662
3664-notifications-for-relations.md	3664	refs/pr/upstream/3664
3672-ephemeral-location-streaming.md	3672	refs/pr/upstream/3672
3673-encrypted-ephemeral-data-units.md	3673	refs/pr/upstream/3673
3682-account-data-for-application-services.md	3682	refs/pr/upstream/3682
3713-alleviating-acl-exhaustion-with-acl-slots.md	3713	refs/pr/upstream/3713
3723-federation-versions.md	3723	refs/pr/upstream/3723
3725-content-warnings.md	3725	refs/pr/upstream/3725
3726-bsspeke-authentication.md	3726	refs/pr/upstream/3726
3735-add-device-to-withheld-message.md	3735	refs/pr/upstream/3735
3744-flexible-auth.md	3744	refs/pr/upstream/3744
3751-read-account-data.md	3751	refs/pr/upstream/3751
3752-markup-locations-for-text.md	3752	refs/pr/upstream/3752
3755-pronouns.md	3755	refs/pr/upstream/3755
3759-deactivated-user-metadata.md	3759	refs/pr/upstream/3759
3767-time-based-notification-filtering.md	3767	refs/pr/upstream/3767
3768-notify-in-app.md	3768	refs/pr/upstream/3768
3775-markup-locations-for-audiovisual-media.md	3775	refs/pr/upstream/3775
3780-action-join-knock.md	3780	refs/pr/upstream/3780
3813-obfuscated-events.md	3813	refs/pr/upstream/3813
3814-dehydrated-devices-with-ssss.md	3814	refs/pr/upstream/3814
3815-worlds.md	3815	refs/pr/upstream/3815
3817-widget-api-create-rooms.md	3817	refs/pr/upstream/3817
3819-to-device-messages-for-widgets.md	3819	refs/pr/upstream/3819
3825-fix-relation-fallbacks.md	3825	refs/pr/upstream/3825
3834-tofu.md	3834	refs/pr/upstream/3834
3837-cascading-profile-tags-for-push-rules.md	3837	refs/pr/upstream/3837
3839-primary-identity-as-key.md	3839	refs/pr/upstream/3839
3840-ignore-invites.md	3840	refs/pr/upstream/3840
3842-power-levels-message-events.md	3842	refs/pr/upstream/3842
3843-federated-reports.md	3843	refs/pr/upstream/3843
3845-expanding-policy-rooms-to-reputation.md	3845	refs/pr/upstream/3845
3846-widget-turn-servers.md	3846	refs/pr/upstream/3846
3847-ignoring-invites-with-policy-rooms.md	3847	refs/pr/upstream/3847
3848-errcode-specific-failure.md	3848	refs/pr/upstream/3848
3849-observations.md	3849	refs/pr/upstream/3849
3851-custom-room-presets.md	3851	refs/pr/upstream/3851
3857-welcome-message.md	3857	refs/pr/upstream/3857
3864-room-nicknames.md	3864	refs/pr/upstream/3864
3865-user-nicknames.md	3865	refs/pr/upstream/3865
3868-room-contribution.md	3868	refs/pr/upstream/3868
3869-widgetapi-read-event-relations.md	3869	refs/pr/upstream/3869
3870-media-async-upload-url.md	3870	refs/pr/upstream/3870
3871-gappy-timelines.md	3871	refs/pr/upstream/3871
3872-space-organisation.md	3872	refs/pr/upstream/3872
3874-messages-endpoint-threads-filter.md	3874	refs/pr/upstream/3874
3879-trusted-key-forwards.md	3879	refs/pr/upstream/3879
3880-dummy-replies-for-olm.md	3880	refs/pr/upstream/3880
3881-remote-push-notification-toggling.md	3881	refs/pr/upstream/3881
3883-fundamental-state-changes.md	3883	refs/pr/upstream/3883
3884-sliding-sync-e2ee.md	3884	refs/pr/upstream/3884
3885-sliding-sync-to-device.md	3885	refs/pr/upstream/3885
3888-voice-broadcast.md	3888	refs/pr/upstream/3888
3890-remote-local-notification-toggle.md	3890	refs/pr/upstream/3890
3892-custom-emotes-with-encryption.md	3892	refs/pr/upstream/3892
3895-partial_state_behaviour_unable_error_code.md	3895	refs/pr/upstream/3895
3896-appservice-media.md	3896	refs/pr/upstream/3896
3898-sfu.md	3898	refs/pr/upstream/3898
3901-deleting-state.md	3901	refs/pr/upstream/3901
3907-mute-policy-recommendation.md	3907	refs/pr/upstream/3907
3908-expiring-policy-list-recommendations.md	3908	refs/pr/upstream/3908
3909-membership-based-mutes.md	3909	refs/pr/upstream/3909
3911-linking-media-to-events.md	3911	refs/pr/upstream/3911
3914-call-notif.md	3914	refs/pr/upstream/3914
3917-cryptographic-membership.md	3917	refs/pr/upstream/3917
3922-remove-srv-discovery.md	3922	refs/pr/upstream/3922
3926-disable-bot-notifs-by-default.md	3926	refs/pr/upstream/3926
3927-extensible-events-audio.md	3927	refs/pr/upstream/3927
3931-push-rule-room-version-feature-condition.md	3931	refs/pr/upstream/3931
3932-extensible-events-room-ver-push-rule-condition.md	3932	refs/pr/upstream/3932
3933-extensible-events-push-rules-core.md	3933	refs/pr/upstream/3933
3934-bulk-push-rule-change-endpoint.md	3934	refs/pr/upstream/3934
3935-cute-events.md	3935	refs/pr/upstream/3935
3944-drop-stale-to-device.md	3944	refs/pr/upstream/3944
3946-dynamic-predecessor.md	3946	refs/pr/upstream/3946
3947-restricting-user-directory-search.md	3947	refs/pr/upstream/3947
3948-repository-room.md	3948	refs/pr/upstream/3948
3949-power-level-tag.md	3949	refs/pr/upstream/3949
3954-extensible-events-emotes.md	3954	refs/pr/upstream/3954
3955-extensible-events-bot-notice-mixin.md	3955	refs/pr/upstream/3955
3956-extensible-events-encryption.md	3956	refs/pr/upstream/3956
3959-sliding-sync-account-data.md	3959	refs/pr/upstream/3959
3960-sliding-sync-receipts.md	3960	refs/pr/upstream/3960
3963-oblivious-matrix-over-https.md	3963	refs/pr/upstream/3963
3964-notifications-for-room-tags.md	3964	refs/pr/upstream/3964
3971-sharing-image-packs.md	3971	refs/pr/upstream/3971
3973-widgetapi-user-directory-search.md	3973	refs/pr/upstream/3973
3977-ietf-mimi-framework.md	3977	refs/pr/upstream/3977
3979-feature-profiles.md	3979	refs/pr/upstream/3979
3982-proposal-template.md	3982	refs/pr/upstream/3982
3983-sending-otk-claims-to-appservices.md	3983	refs/pr/upstream/3983
3984-sending-key-queries-to-appservices.md	3984	refs/pr/upstream/3984
3985-break-out.md	3985	refs/pr/upstream/3985
3991-increase-power-level.md	3991	refs/pr/upstream/3991
3993-room-takeovers.md	3993	refs/pr/upstream/3993
3994-display-notification-reason.md	3994	refs/pr/upstream/3994
3995-linearized-matrix.md	3995	refs/pr/upstream/3995
3996-encrypted-mentions-only-rooms.md	3996	refs/pr/upstream/3996
3997-createroom-timestamp-massaging.md	3997	refs/pr/upstream/3997
3998-join-timestamp-massaging.md	3998	refs/pr/upstream/3998
3999-timestamp-to-event-causal-parameter.md	3999	refs/pr/upstream/3999
4000-forwards-fill.md	4000	refs/pr/upstream/4000
4001-context-state-at-start.md	4001	refs/pr/upstream/4001
4002-walkie-talkie.md	4002	refs/pr/upstream/4002
4003-semantic-table-attributes.md	4003	refs/pr/upstream/4003
4004-unified-identity-service-view.md	4004	refs/pr/upstream/4004
4005-explicit-read-receipts-on-event-send.md	4005	refs/pr/upstream/4005
4006-voip-completed-elsewhere.md	4006	refs/pr/upstream/4006
4011-thumbnail-media-negotiation.md	4011	refs/pr/upstream/4011
4013-poll-history-cache.md	4013	refs/pr/upstream/4013
4014-pseudonymous-identities.md	4014	refs/pr/upstream/4014
4016-streaming-e2ee-file-transfer.md	4016	refs/pr/upstream/4016
4019-encrypted-relationships.md	4019	refs/pr/upstream/4019
4020-room-model-configuration.md	4020	refs/pr/upstream/4020
4021-archive-controls.md	4021	refs/pr/upstream/4021
4023-unsigned-thread-id.md	4023	refs/pr/upstream/4023
4027-custom-images-in-reactions.md	4027	refs/pr/upstream/4027
4028-push-all-encrypted-events-except-for-muted-rooms.md	4028	refs/pr/upstream/4028
4029-current-practice-for-s2s-auth.md	4029	refs/pr/upstream/4029
4031-pre-generate-invites.md	4031	refs/pr/upstream/4031
4032-asset-collections.md	4032	refs/pr/upstream/4032
4033-event-thread-and-order.md	4033	refs/pr/upstream/4033
4034-media-limits.md	4034	refs/pr/upstream/4034
4038-mls-key-backup.md	4038	refs/pr/upstream/4038
4039-widget-api-media.md	4039	refs/pr/upstream/4039
4042-disabled-presence-state.md	4042	refs/pr/upstream/4042
4043-presence-override-api.md	4043	refs/pr/upstream/4043
4044-strict-user-id-grammar-in-rooms.md	4044	refs/pr/upstream/4044
4045-deprecate-server-ip-only-discovery.md	4045	refs/pr/upstream/4045
4046-make-send-pdu-api.md	4046	refs/pr/upstream/4046
4047-room-send-keys.md	4047	refs/pr/upstream/4047
4048-signed-key-backup.md	4048	refs/pr/upstream/4048
4049-send-as-server-or-room.md	4049	refs/pr/upstream/4049
4050-mxid-verification.md	4050	refs/pr/upstream/4050
4053-mentions-mixin.md	4053	refs/pr/upstream/4053
4056-role-based-access-control.md	4056	refs/pr/upstream/4056
4057-static-room-directory.md	4057	refs/pr/upstream/4057
4060-room-rules.md	4060	refs/pr/upstream/4060
4062-dont_email_tweak.md	4062	refs/pr/upstream/4062
4071-pagination-token-headers.md	4071	refs/pr/upstream/4071
4073-shepherd-teams.md	4073	refs/pr/upstream/4073
4074-server-side-annotations-aggregation.md	4074	refs/pr/upstream/4074
4075-rtc-notification-event.md	4075	refs/pr/upstream/4075
4076-e2ee-aware-badges.md	4076	refs/pr/upstream/4076
4078-transparent-pusher-creation.md	4078	refs/pr/upstream/4078
4079-client-server-landing-page-html.md	4079	refs/pr/upstream/4079
4080-cryptographic-identities.md	4080	refs/pr/upstream/4080
4081-claim-fallback-keys-on-network-failure.md	4081	refs/pr/upstream/4081
4083-delta-compressed-file-transfers.md	4083	refs/pr/upstream/4083
4084-mass-redactions-alterations.md	4084	refs/pr/upstream/4084
4086-media-reference-counting.md	4086	refs/pr/upstream/4086
4089-delivery-receipts.md	4089	refs/pr/upstream/4089
4092-enforce-tests.md	4092	refs/pr/upstream/4092
4094-sync-server-and-client-time-endpoint.md	4094	refs/pr/upstream/4094
4095-bundled-url-previews.md	4095	refs/pr/upstream/4095
4096-make-forceturn-configurable.md	4096	refs/pr/upstream/4096
4100-scoped-signing-keys.md	4100	refs/pr/upstream/4100
4101-unencrypted-media-hashes.md	4101	refs/pr/upstream/4101
4102-unthreaded-read-receipts.md	4102	refs/pr/upstream/4102
4103-threaded-read-receipt-sync-filter.md	4103	refs/pr/upstream/4103
4104-auth-lock-soft-failure-be-gone.md	4104	refs/pr/upstream/4104
4106-join-as-muted.md	4106	refs/pr/upstream/4106
4108-oidc-qr-login.md	4108	refs/pr/upstream/4108
4109-appservice-soft-failed-events.md	4109	refs/pr/upstream/4109
4110-fewer-features.md	4110	refs/pr/upstream/4110
4114-matrix-as-a-password-manager.md	4114	refs/pr/upstream/4114
4117-reinstating-events.md	4117	refs/pr/upstream/4117
4119-voluntary-flagging.md	4119	refs/pr/upstream/4119
4120-head-method-download.md	4120	refs/pr/upstream/4120
4121-m.role.moderator.md	4121	refs/pr/upstream/4121
4125-federation-invite-via.md	4125	refs/pr/upstream/4125
4128-error-optional-auth.md	4128	refs/pr/upstream/4128
4131-handling-mroomencryption-event.md	4131	refs/pr/upstream/4131
4136-shared-retry-hints.md	4136	refs/pr/upstream/4136
4139-bot-buttons.md	4139	refs/pr/upstream/4139
4140-delayed-events-futures.md	4140	refs/pr/upstream/4140
4141-time-based-notification-filtering.md	4141	refs/pr/upstream/4141
4143-matrix-rtc.md	4143	refs/pr/upstream/4143
4144-per-message-profile.md	4144	refs/pr/upstream/4144
4145-simple-verified-accounts.md	4145	refs/pr/upstream/4145
4149-media-repo-csp-directives.md	4149	refs/pr/upstream/4149
4150-m-allow-recommendation.md	4150	refs/pr/upstream/4150
4152-room-labeling-and-filtering.md	4152	refs/pr/upstream/4152
4154-request-max-body-size.md	4154	refs/pr/upstream/4154
4155-invite-filtering.md	4155	refs/pr/upstream/4155
4157-delayed-events-widget-api.md	4157	refs/pr/upstream/4157
4161-crypto-terminology.md	4161	refs/pr/upstream/4161
4162-otk-reset.md	4162	refs/pr/upstream/4162
4164-leave-all-rooms-on-deactivation.md	4164	refs/pr/upstream/4164
4165-remove-own-power-level-on-deactivation.md	4165	refs/pr/upstream/4165
4166-turn-response-with-no-servers.md	4166	refs/pr/upstream/4166
4167-copy-bans-on-room-upgrade.md	4167	refs/pr/upstream/4167
4168-update-space-state-on-room-upgrade.md	4168	refs/pr/upstream/4168
4171-service-members.md	4171	refs/pr/upstream/4171
4173-test-pusher.md	4173	refs/pr/upstream/4173
4174-webpush-pushkind.md	4174	refs/pr/upstream/4174
4176-translatable-errors.md	4176	refs/pr/upstream/4176
4177-upload-location-hints.md	4177	refs/pr/upstream/4177
4179-moderation-hidden.md	4179	refs/pr/upstream/4179
4185-event-visibility-api.md	4185	refs/pr/upstream/4185
4188-http-gone-status.md	4188	refs/pr/upstream/4188
4192-ignoring-invites.md	4192	refs/pr/upstream/4192
4193-spoilers-on-media.md	4193	refs/pr/upstream/4193
4194-user-redaction.md	4194	refs/pr/upstream/4194
4195-matrixrtc-livekit.md	4195	refs/pr/upstream/4195
4196-matrixrtc-m-call.md	4196	refs/pr/upstream/4196
4197-copy-hints.md	4197	refs/pr/upstream/4197
4198-oidc-login-hint.md	4198	refs/pr/upstream/4198
4201-profiles-as-rooms-v2.md	4201	refs/pr/upstream/4201
4203-appservice-to-device.md	4203	refs/pr/upstream/4203
4204-takedown-recommendation.md	4204	refs/pr/upstream/4204
4205-sha256-policy-entity.md	4205	refs/pr/upstream/4205
4206-policy-reason-auditing.md	4206	refs/pr/upstream/4206
4207-media-identifier-policy.md	4207	refs/pr/upstream/4207
4208-user-defined-profile-fields.md	4208	refs/pr/upstream/4208
4209-updating-endpoints-in-place.md	4209	refs/pr/upstream/4209
4211-webxdc.md	4211	refs/pr/upstream/4211
4218-profile-change-perf.md	4218	refs/pr/upstream/4218
4220-call-reject-locally.md	4220	refs/pr/upstream/4220
4221-room-banners.md	4221	refs/pr/upstream/4221
4223-unbind-3pid-conditions.md	4223	refs/pr/upstream/4223
4224-cbor-serialization.md	4224	refs/pr/upstream/4224
4226-reports-as-rooms.md	4226	refs/pr/upstream/4226
4227-audio-based-quick-login.md	4227	refs/pr/upstream/4227
4228-search-redirection.md	4228	refs/pr/upstream/4228
4232-attribute-based-access-control.md	4232	refs/pr/upstream/4232
4233-remembering-knock-via.md	4233	refs/pr/upstream/4233
4234-reliable-app-badge-counts.md	4234	refs/pr/upstream/4234
4235-via-query-param-for-hierarchy.md	4235	refs/pr/upstream/4235
4238-pinned-events-read-marker.md	4238	refs/pr/upstream/4238
4242-state-dags.md	4242	refs/pr/upstream/4242
4243-user-localparts-as-account-keys.md	4243	refs/pr/upstream/4243
4244-rfc9420-mls-for-matrix.md	4244	refs/pr/upstream/4244
4245-immutable-encryption-algorithm.md	4245	refs/pr/upstream/4245
4246-to-device-as-to-server.md	4246	refs/pr/upstream/4246
4247-user-pronouns.md	4247	refs/pr/upstream/4247
4249-remove-deprecated-media-endpoints.md	4249	refs/pr/upstream/4249
4250-authenticated-media-v2-cookies.md	4250	refs/pr/upstream/4250
1767-extensible-events.md	4252	refs/pr/upstream/4252
4252-modify-extensible-events-state-handling.md	4252	refs/pr/upstream/4252
4253-spec-process-modify-reject-accepted.md	4253	refs/pr/upstream/4253
4255-bulk-profile-updates.md	4255	refs/pr/upstream/4255
4256-rfc9420-mls-mode-matrix.md	4256	refs/pr/upstream/4256
4257-profiles-arent-auth.md	4257	refs/pr/upstream/4257
4258-federated-user-directory.md	4258	refs/pr/upstream/4258
4259-bulk-profile-sync.md	4259	refs/pr/upstream/4259
4261-do-not-encrypt-for-device-flag.md	4261	refs/pr/upstream/4261
4262-sliding-sync-profiles.md	4262	refs/pr/upstream/4262
4263-prevent-mxid-enumeration-via-key-queries.md	4263	refs/pr/upstream/4263
4264-token-for-contacting-accounts.md	4264	refs/pr/upstream/4264
4265-dpo-role.md	4265	refs/pr/upstream/4265
4266-policies.md	4266	refs/pr/upstream/4266
4269-unambiguous-mentions-in-body.md	4269	refs/pr/upstream/4269
4270-glossary-spec.md	4270	refs/pr/upstream/4270
4271-recommended-enabled-ness-for-default-push-rules.md	4271	refs/pr/upstream/4271
4273-approval-disapproval.md	4273	refs/pr/upstream/4273
4274-inline-media-galleries.md	4274	refs/pr/upstream/4274
4279-service-notice-rooms.md	4279	refs/pr/upstream/4279
4282-interactive-room-message.md	4282	refs/pr/upstream/4282
4283-ignore-block-distinction.md	4283	refs/pr/upstream/4283
4286-external-payment-details.md	4286	refs/pr/upstream/4286
4292-incompatible-client-room-versions.md	4292	refs/pr/upstream/4292
4293-redact-on-ban.md	4293	refs/pr/upstream/4293
4295-bot-bounce-limit.md	4295	refs/pr/upstream/4295
4296-device-id-mentions.md	4296	refs/pr/upstream/4296
4298-redact-on-ban-room-version.md	4298	refs/pr/upstream/4298
4299-trusted-users.md	4299	refs/pr/upstream/4299
4300-request-response.md	4300	refs/pr/upstream/4300
4302-fhir-resources.md	4302	refs/pr/upstream/4302
4303-slightly-strict-user-id-grammar-in-rooms.md	4303	refs/pr/upstream/4303
4305-par.md	4305	refs/pr/upstream/4305
4306-thread-subscriptions.md	4306	refs/pr/upstream/4306
4308-sliding-sync-ext-thread-subscriptions.md	4308	refs/pr/upstream/4308
4309-finalisded-delayed-events-on-sync.md	4309	refs/pr/upstream/4309
4310-MatrixRTC-call-decline.md	4310	refs/pr/upstream/4310
4310-matrixRTC-call-decline.md	4310	refs/pr/upstream/4310
4320-rich-presence.md	4320	refs/pr/upstream/4320
4321-policy-room-upgrade-semantics.md	4321	refs/pr/upstream/4321
4322-simple-media-self-redaction.md	4322	refs/pr/upstream/4322
4325-presence-privacy.md	4325	refs/pr/upstream/4325
4330-specify-http-versions.md	4330	refs/pr/upstream/4330
4331-device-account-data.md	4331	refs/pr/upstream/4331
4332-in-room-bot-commands.md	4332	refs/pr/upstream/4332
4333-moderation-bot-state-api.md	4333	refs/pr/upstream/4333
4334-room-language.md	4334	refs/pr/upstream/4334
4337-as-profile-suppliments.md	4337	refs/pr/upstream/4337
4332-in-room-bot-commands.md	4338	refs/pr/upstream/4338
4339-user-directory-profiles.md	4339	refs/pr/upstream/4339
4340-in-room-command-prompts.md	4340	refs/pr/upstream/4340
4342-device-limit.md	4342	refs/pr/upstream/4342
2244-mass-redactions.md	4343	refs/pr/upstream/4343
4343-modify-msc2244-use-new-event-type.md	4343	refs/pr/upstream/4343
4344-strike-deprecated-srv.md	4344	refs/pr/upstream/4344
4345-server-key-identity-and-room-membership.md	4345	refs/pr/upstream/4345
4348-portable-accounts-in-rooms.md	4348	refs/pr/upstream/4348
4349-causal-barriers-and-enforcement.md	4349	refs/pr/upstream/4349
4350-appservice-encryption-impersonation.md	4350	refs/pr/upstream/4350
4351-odd-context-limits.md	4351	refs/pr/upstream/4351
4352-customizable-permalink-base-url.md	4352	refs/pr/upstream/4352
4353-per-origin-linear-chain.md	4353	refs/pr/upstream/4353
4354-sticky-events.md	4354	refs/pr/upstream/4354
4357-live-messages.md	4357	refs/pr/upstream/4357
4358-out-of-room-server-discovery.md	4358	refs/pr/upstream/4358
4359-do-not-disturb.md	4359	refs/pr/upstream/4359
4360-sliding-sync-extension-threads.md	4360	refs/pr/upstream/4360
4361-non-federating-member-auth.md	4361	refs/pr/upstream/4361
4362-simplified-encrypted-state.md	4362	refs/pr/upstream/4362
4363-oauth-step-up-authentication.md	4363	refs/pr/upstream/4363
4365-canonical-ignore-list-rooms.md	4365	refs/pr/upstream/4365
4366-resident-public-rooms.md	4366	refs/pr/upstream/4366
4367-public-rooms-via.md	4367	refs/pr/upstream/4367
4368-resource-limit-exceeded-extra-fields.md	4368	refs/pr/upstream/4368
4369-capability-error-code.md	4369	refs/pr/upstream/4369
4370-prev-events-federation-endpoint.md	4370	refs/pr/upstream/4370
4371-eliminate-transactions.md	4371	refs/pr/upstream/4371
4375-admin-room-management.md	4375	refs/pr/upstream/4375
4377-clarify-image-pack-ordering.md	4377	refs/pr/upstream/4377
0000-proposal-template.md	4379	refs/pr/upstream/4379
4382-peppered-hash-verification.md	4382	refs/pr/upstream/4382
4383-client-server-info.md	4383	refs/pr/upstream/4383
4385-secret-send-without-requestid.md	4385	refs/pr/upstream/4385
4386-sharing-secrets-after-verification.md	4386	refs/pr/upstream/4386
4387-safety-error-code.md	4387	refs/pr/upstream/4387
4388-secure-qr-channel.md	4388	refs/pr/upstream/4388
4389-image-ordering-within-packs.md	4389	refs/pr/upstream/4389
4390-room-blocking.md	4390	refs/pr/upstream/4390
4391-simplified-in-room-bot-commands.md	4391	refs/pr/upstream/4391
4392-encrypted-reactions-and-replies.md	4392	refs/pr/upstream/4392
4396-inlined-linked-media.md	4396	refs/pr/upstream/4396
4397-tags-as-spaces.md	4397	refs/pr/upstream/4397
4401-profile-capabilities.md	4401	refs/pr/upstream/4401
4405-deprecate-emoji-verification.md	4405	refs/pr/upstream/4405
4406-m-sender-ignored.md	4406	refs/pr/upstream/4406
4407-sticky-events-widget-api.md	4407	refs/pr/upstream/4407
4412-widget-base-postmessage-api.md	4412	refs/pr/upstream/4412
4413-remove-private-join-rule.md	4413	refs/pr/upstream/4413
4414-design-decision-errors.md	4414	refs/pr/upstream/4414
4416-policy-servers-room-version.md	4416	refs/pr/upstream/4416
4417-appservice-url-previews.md	4417	refs/pr/upstream/4417
4420-keys-upload-dupes.md	4420	refs/pr/upstream/4420
4425-ephemeral-media.md	4425	refs/pr/upstream/4425
4426-user-status-profile-fields.md	4426	refs/pr/upstream/4426
4427-user-banners.md	4427	refs/pr/upstream/4427
4428-stable-ids.md	4428	refs/pr/upstream/4428
4429-legacy-sync-profile-updates.md	4429	refs/pr/upstream/4429
4430-member-keys.md	4430	refs/pr/upstream/4430
4431-personal-room-name-overrides.md	4431	refs/pr/upstream/4431
4432-server-wide-room-name-overrides.md	4432	refs/pr/upstream/4432
4433-image-packs-room-upgrades.md	4433	refs/pr/upstream/4433
4437-replace-entire-profile.md	4437	refs/pr/upstream/4437
4438-message-bookmarks.md	4438	refs/pr/upstream/4438
4439-support-contact-encryption.md	4439	refs/pr/upstream/4439
4440-profile-biography.md	4440	refs/pr/upstream/4440
4441-user-profile-annotations.md	4441	refs/pr/upstream/4441
4445-sync-timeline-order.md	4445	refs/pr/upstream/4445
4446-move-fully-read-backwards.md	4446	refs/pr/upstream/4446
4448-preview-url-site-logo.md	4448	refs/pr/upstream/4448
4449-get-members-filters.md	4449	refs/pr/upstream/4449
4450-identity-provider-selection-uia-legacy-sso.md	4450	refs/pr/upstream/4450
4451-notification-endpoint.md	4451	refs/pr/upstream/4451
4452-preview-url-capability.md	4452	refs/pr/upstream/4452
4453-deprecate-old-room-versions.md	4453	refs/pr/upstream/4453
4454-deprecating-spoiler-fallback-in-media-repository.md	4454	refs/pr/upstream/4454
4455-space-catch-all.md	4455	refs/pr/upstream/4455
4456-safety-harms-appendix.md	4456	refs/pr/upstream/4456
4457-generic-reporting-api.md	4457	refs/pr/upstream/4457
4458-handling-received-json.md	4458	refs/pr/upstream/4458
4459-image-pack-references.md	4459	refs/pr/upstream/4459
1767-extensible-events.md	4460	refs/pr/upstream/4460
3381-polls.md	4460	refs/pr/upstream/4460
4460-extensible-events-unstable.md	4460	refs/pr/upstream/4460
4461-per-message-profile-storage.md	4461	refs/pr/upstream/4461
4462-links-in-profile.md	4462	refs/pr/upstream/4462
4464-verifiable-links-in-profile.md	4464	refs/pr/upstream/4464
4466-profile-change-propagation.md	4466	refs/pr/upstream/4466
4467-improved-room-upgrade-api.md	4467	refs/pr/upstream/4467
4468-report-to-community.md	4468	refs/pr/upstream/4468
4469-report-to-remote-server.md	4469	refs/pr/upstream/4469
4470-report-routing.md	4470	refs/pr/upstream/4470
4471-event-streams.md	4471	refs/pr/upstream/4471
4472-deprecated-room-version-type.md	4472	refs/pr/upstream/4472
4473-proxied-alias-resolution.md	4473	refs/pr/upstream/4473
4474-clarify-extensible-cbs.md	4474	refs/pr/upstream/4474
4475-media-galleries-by-inline-mxc-links.md	4475	refs/pr/upstream/4475
4476-image-pack-rooms.md	4476	refs/pr/upstream/4476
4480-sliding-sync-sticky-events.md	4480	refs/pr/upstream/4480
4481-matrix.to-encoding.md	4481	refs/pr/upstream/4481
4482-ability-to-bookmark-messages.md	4482	refs/pr/upstream/4482
4483-encrypted-account-data.md	4483	refs/pr/upstream/4483
4484-admin-oauth-scope.md	4484	refs/pr/upstream/4484
4485-featured-endpoint.md	4485	refs/pr/upstream/4485
4486-extended-delayed-events-api.md	4486	refs/pr/upstream/4486
4487-deprecate-internal-matrix.to.md	4487	refs/pr/upstream/4487
4489-per-room_contact_state_event.md	4489	refs/pr/upstream/4489
4490-surfacing_room_contacts_when_a_join_or_knock_does_not_succeed.md	4490	refs/pr/upstream/4490
4491-create-room-invite-reason.md	4491	refs/pr/upstream/4491
4492-directionless-pagination-tokens.md	4492	refs/pr/upstream/4492
0000-proposal-template.md	4493	refs/pr/upstream/4493
4494-membership-invite-blocking.md	4494	refs/pr/upstream/4494
4495-selective-presence.md	4495	refs/pr/upstream/4495
4496-matrix-caldav.md	4496	refs/pr/upstream/4496
4497-state-event-type-filter.md	4497	refs/pr/upstream/4497
4498-held-pending-moderation.md	4498	refs/pr/upstream/4498
4499-key-caching.md	4499	refs/pr/upstream/4499
4500-state-accumulators.md	4500	refs/pr/upstream/4500
4501-rooms-as-social-media-pages.md	4501	refs/pr/upstream/4501
4502-as-unrestricted-membership.md	4502	refs/pr/upstream/4502
4503-external-handles.md	4503	refs/pr/upstream/4503
4504-global-versioning-v2.md	4504	refs/pr/upstream/4504
4505-lls-push-rules.md	4505	refs/pr/upstream/4505
4506-knock-push-rules.md	4506	refs/pr/upstream/4506
4507-hierarchy-extra-room-state.md	4507	refs/pr/upstream/4507
4508-sliding-sync-extension-typing.md	4508	refs/pr/upstream/4508
4509-auto-join-on-accepted-knock.md	4509	refs/pr/upstream/4509
4511-topological-metadata-query-api.md	4511	refs/pr/upstream/4511
4512-app-service-takeover.md	4512	refs/pr/upstream/4512
4513-standard-http-status-codes.md	4513	refs/pr/upstream/4513
4514-edu-size-limit.md	4514	refs/pr/upstream/4514
4515-rtc-transports-widget-action.md	4515	refs/pr/upstream/4515
4517-federated-thirdparty-lookups.md	4517	refs/pr/upstream/4517
4518-registries.md	4518	refs/pr/upstream/4518
4519-rtc-transports-registry.md	4519	refs/pr/upstream/4519
4521-algebraic-set-reconciliation.md	4521	refs/pr/upstream/4521
4522-username-colors.md	4522	refs/pr/upstream/4522
4524-federation-bidirectional-ping.md	4524	refs/pr/upstream/4524
4525-paginated-sync.md	4525	refs/pr/upstream/4525
4526-refresh-token-grant-error-handling.md	4526	refs/pr/upstream/4526
4527-state-event-power-levels.md	4527	refs/pr/upstream/4527
4528-incompatible-server-error.md	4528	refs/pr/upstream/4528
