file	ref
CHANGES.md	origin/develop
changelog.d/.gitignore	origin/develop
changelog.d/19926.feature	origin/develop
changelog.d/19972.feature	origin/develop
changelog.d/20050.bugfix	origin/develop
changelog.d/20107.misc	origin/develop
changelog.d/20132.bugfix	origin/develop
changelog.d/20140.doc	origin/develop
changelog.d/20146.feature	origin/develop
changelog.d/20148.bugfix	origin/develop
changelog.d/20149.bugfix	origin/develop
changelog.d/20152.bugfix	origin/develop
changelog.d/20156.misc	origin/develop
docs/changelogs/CHANGES-2019.md	origin/develop
docs/changelogs/CHANGES-2020.md	origin/develop
docs/changelogs/CHANGES-2021.md	origin/develop
docs/changelogs/CHANGES-2022.md	origin/develop
docs/changelogs/CHANGES-2023.md	origin/develop
docs/changelogs/CHANGES-2024.md	origin/develop
docs/changelogs/CHANGES-pre-1.0.md	origin/develop
docs/changelogs/README.md	origin/develop
