child_msc	parent_msc	relation	confidence	child_path	evidence
1767	1225	replaces	direct	proposals/1767-extensible-events.md	* converted from googledoc to MD, and to be a single PR rather than split PR/Issue. * simplifies it by removing displayhints (for now - deferred to a future MSC). * replaces the clunky m.text.1 idea with lists for types which support fallbacks. * removes the concept of optional compact form for m.text by instead having m.text always in expanded form. * tries to accommodate most of the feedback on GH and Google Docs from MSC1225.
1767	1225	replaces	direct	proposals/unmerged/1767-extensible-events.md	* converted from googledoc to MD, and to be a single PR rather than split PR/Issue. * simplifies it by removing displayhints (for now - deferred to a future MSC). * replaces the clunky m.text.1 idea with lists for types which support fallbacks. * removes the concept of optional compact form for m.text by instead having m.text always in expanded form. * tries to accommodate most of the feedback on GH and Google Docs from MSC1225.
1772	1215	replaces	direct	proposals/1772-groups-as-rooms.md	* This replaces [MSC1215](https://docs.google.com/document/d/1ZnAuA_zti-K2-RnheXII1F1-oyVziT4tJffdw1-SHrE). * Other thoughts that led into this are [documented](https://docs.google.com/document/d/1hljmD-ytdCRL37t-D_LvGDA3a0_2MwowSPIiZRxcabs).
1772	1215	replaces	direct	proposals/unmerged/1772-groups-as-rooms.md	* This replaces [MSC1215](https://docs.google.com/document/d/1ZnAuA_zti-K2-RnheXII1F1-oyVziT4tJffdw1-SHrE). * Other thoughts that led into this are [documented](https://docs.google.com/document/d/1hljmD-ytdCRL37t-D_LvGDA3a0_2MwowSPIiZRxcabs).
2312	455	supersedes	direct	proposals/2312-matrix-uri.md	This is a proposal of a URI scheme to identify Matrix resources in a wide range of applications (web, desktop, or mobile) both throughout Matrix software and (especially) outside it. It supersedes [MSC455](https://github.com/matrix-org/matrix-doc/issues/455) in order to continue the discussion in the modern GFM style.
2312	455	supersedes	direct	proposals/unmerged/2312-matrix-uri.md	This is a proposal of a URI scheme to identify Matrix resources in a wide range of applications (web, desktop, or mobile) both throughout Matrix software and (especially) outside it. It supersedes [MSC455](https://github.com/matrix-org/matrix-doc/issues/455) in order to continue the discussion in the modern GFM style.
2747	2746	builds_on	derived	proposals/unmerged/2747-voip-call-transfer.md	This MSC builds on [MSC2746](https://github.com/matrix-org/matrix-doc/pull/2746), making use of the `invitee` field on `m.call.invite` in particular.
2946	1772	depends_on	derived	proposals/2946-spaces-summary.md	This MSC depends on [MSC1772](https://github.com/matrix-org/matrix-doc/pull/1772), which describes why a Space is useful:
2946	1772	depends_on	derived	proposals/unmerged/2946-spaces-summary.md	This MSC depends on [MSC1772](https://github.com/matrix-org/matrix-doc/pull/1772), which describes why a Space is useful:
3020	2312	extends	derived	proposals/unmerged/3020-private-federations.md	This MSC extends [MSC2312](https://github.com/matrix-org/matrix-doc/pull/2312) to propose a URI scheme extension to support linking to content within the context of a given private federation network.
3401	2359	replaces	direct	proposals/unmerged/3401-group-voip.md	This proposal provides a signalling framework using to-device messages which can be applied to native Matrix 1:1 calls, full-mesh calls and in the future SFU calls, cascaded SFU calls MCU calls, and hybrid SFU/MCU approaches. It replaces the early flawed sketch at [MSC2359](https://github.com/matrix-org/matrix-doc/pull/2359).
3401	3077	builds_on	derived	proposals/unmerged/3401-group-voip.md	This builds on [MSC3077](https://github.com/matrix-org/matrix-spec-proposals/pull/3077), which describes streams in `m.call.*` events via a `sdp_stream_metadata` field.
3440	2674	builds_on	derived	proposals/3440-threading-via-relations.md	This MSC builds on [MSC2674](https://github.com/matrix-org/matrix-doc/pull/2674), [MSC2675](https://github.com/matrix-org/matrix-doc/pull/2675), [MSC3567](https://github.com/matrix-org/matrix-doc/pull/3567) and, [MSC3676](https://github.com/matrix-org/matrix-doc/pull/3676) (which at the time of writing have not yet been accepted into the spec).
3440	2675	builds_on	derived	proposals/3440-threading-via-relations.md	This MSC builds on [MSC2674](https://github.com/matrix-org/matrix-doc/pull/2674), [MSC2675](https://github.com/matrix-org/matrix-doc/pull/2675), [MSC3567](https://github.com/matrix-org/matrix-doc/pull/3567) and, [MSC3676](https://github.com/matrix-org/matrix-doc/pull/3676) (which at the time of writing have not yet been accepted into the spec).
3440	3567	builds_on	derived	proposals/3440-threading-via-relations.md	This MSC builds on [MSC2674](https://github.com/matrix-org/matrix-doc/pull/2674), [MSC2675](https://github.com/matrix-org/matrix-doc/pull/2675), [MSC3567](https://github.com/matrix-org/matrix-doc/pull/3567) and, [MSC3676](https://github.com/matrix-org/matrix-doc/pull/3676) (which at the time of writing have not yet been accepted into the spec).
3440	3676	builds_on	derived	proposals/3440-threading-via-relations.md	This MSC builds on [MSC2674](https://github.com/matrix-org/matrix-doc/pull/2674), [MSC2675](https://github.com/matrix-org/matrix-doc/pull/2675), [MSC3567](https://github.com/matrix-org/matrix-doc/pull/3567) and, [MSC3676](https://github.com/matrix-org/matrix-doc/pull/3676) (which at the time of writing have not yet been accepted into the spec).
3489	2674	builds_on	derived	proposals/unmerged/3489-location-streaming.md	* [MSC3267](https://github.com/matrix-org/matrix-spec-proposals/pull/3267): *Reference relations*. This MSC uses `rel_type: m.reference` from MSC3267, which in turn builds on [MSC2674](https://github.com/matrix-org/matrix-spec-proposals/pull/2674): Event Relationships (which has landed).
3570	2676	builds_on	derived	proposals/unmerged/3570-relations-visibility.md	This MSC builds on MSC2676 and MSC2677 (which at the time of writing have not yet been accepted into the spec).
3570	2677	builds_on	derived	proposals/unmerged/3570-relations-visibility.md	This MSC builds on MSC2676 and MSC2677 (which at the time of writing have not yet been accepted into the spec).
3666	2674	builds_on	derived	proposals/3666-bundled-aggregations-for-search.md	This MSC builds on [MSC2674](https://github.com/matrix-org/matrix-doc/pull/2674) and [MSC2675](https://github.com/matrix-org/matrix-doc/pull/2675), which have been accepted, but are not yet in a released version of the spec at the time of writing.
3666	2675	builds_on	derived	proposals/3666-bundled-aggregations-for-search.md	This MSC builds on [MSC2674](https://github.com/matrix-org/matrix-doc/pull/2674) and [MSC2675](https://github.com/matrix-org/matrix-doc/pull/2675), which have been accepted, but are not yet in a released version of the spec at the time of writing.
3726	2835	builds_on	derived	proposals/unmerged/3726-bsspeke-authentication.md	This MSC builds on [MSC2835: Add UIA to the /login endpoint](https://github.com/matrix-org/matrix-doc/pull/2835).
3726	3262	builds_on	derived	proposals/unmerged/3726-bsspeke-authentication.md	**Acknowledgement**: This MSC builds on work in a previous proposal, [MSC3262](https://github.com/matrix-org/matrix-doc/pull/3262), for Matrix login with an earlier PAKE protocol, SRP. Many thanks to `@mathijs:matrix.vgorcum.com` and other members of `#secure-login:matrix.vgorcum.com` for their work on that MSC. The decision was made to switch from SRP to BS-SPEKE only after receiving strong feedback from experts in applied cryptography.
3815	3401	builds_on	derived	proposals/unmerged/3815-worlds.md	This MSC builds on [MSC3401](https://github.com/matrix-org/matrix-doc/pull/3401) (Group Calls) which is used for VoIP and game networking.
3825	3440	depends_on	derived	proposals/unmerged/3825-fix-relation-fallbacks.md	This MSC depends on threads (MSC3440), which is already merged.
3856	3440	replaces	direct	proposals/3856-threads-list-api.md	This MSC replaces the [event filters added in MSC3440](https://github.com/matrix-org/matrix-spec-proposals/blob/main/proposals/3440-threading-via-relations.md#fetch-all-threads-in-a-room) (`related_by_rel_types` and `related_by_senders`) as the only known use-case is more efficiently solved by this MSC.
3884	3575	builds_on	derived	proposals/unmerged/3884-sliding-sync-e2ee.md	This MSC builds on MSC3575, which at the time of writing has not yet been accepted into the spec.
3885	3575	builds_on	derived	proposals/unmerged/3885-sliding-sync-to-device.md	This MSC builds on MSC3575, which at the time of writing has not yet been accepted into the spec.
3898	3077	builds_on	derived	proposals/unmerged/3898-sfu.md	The client will be receiving multiple streams from the SFU and it will need to be able to distinguish them, this therefore builds on [MSC3077](https://github.com/matrix-org/matrix-spec-proposals/pull/3077) and [MSC3291](https://github.com/matrix-org/matrix-spec-proposals/pull/3291) to provide the client with the necessary metadata. Some of the data-channel events include an `sdp_stream_metadata` field including a description of the stream being sent either from the SFU to the client or from the client to the SFU.
3898	3291	builds_on	derived	proposals/unmerged/3898-sfu.md	The client will be receiving multiple streams from the SFU and it will need to be able to distinguish them, this therefore builds on [MSC3077](https://github.com/matrix-org/matrix-spec-proposals/pull/3077) and [MSC3291](https://github.com/matrix-org/matrix-spec-proposals/pull/3291) to provide the client with the necessary metadata. Some of the data-channel events include an `sdp_stream_metadata` field including a description of the stream being sent either from the SFU to the client or from the client to the SFU.
3907	3784	builds_on	derived	proposals/unmerged/3907-mute-policy-recommendation.md	# MSC3907: Mute Policy Recommendation ## Introduction Matrix policy lists currently have a very limited scope. This MSC is just the first out of a series of MSCs that aim to expand this system. In this MSC we add a new recommendation of `m.mute`. Mutes are a standard tool in the moderators toolkit on most platforms and are already used informally on matrix today. Typically to mute a member of a room, a moderator has two options. They either find the member to mute a user listing in their client and edit their power level or they edit their power level directly by editing the room's `m.room.power_level` event manually. This is an error prone process as in either case the incorrect value can be given for the power level and some degree of risk in racing if another moderator also edits the rooms power level. On top of this, the process has to be repeated in each room that they wish to mute the user in. Granted, some of this can be alleviated with use of a script/bot, but we believe a mute policy recommendation would enable for a standard user expeirance for muting participants. The mute recommendation would also open the door for the implementation of mute to be changed transparently, and we will be introducing another MSC3909 that does this. Mutes will become less clumsy to use if they can be applied as policy. Especially when used together with MSC3907 to make them be able to expire on their own. MSC3909 will in the future also make them even better by making them a membership state if that MSC is implemented. This MSC is technically fully independent of these 2 MSCs. ## Proposal This MSC will create a new Policy List recommendation of `m.mute`. Below is an example event for this MSC that displays how it would be used in conjunction with MSC3908. ``` { "content": { "entity": "@evil:example.com", "reason": "spam", "recommendation": "m.mute", "expiry": 2000003600 }, "sender": "@mjolnir:example.com", "state_key": "_evil:example.com", "type": "m.policy.rule.user", "event_id": "exampleid", "room_id": "!policylist:example.com" } ``` Below is the same event but without the expiry. ``` { "content": { "entity": "@evil:example.com", "reason": "spam", "recommendation": "m.mute", }, "sender": "@mjolnir:example.com", "state_key": "_evil:example.com", "type": "m.policy.rule.user", "event_id": "exampleid", "room_id": "!policylist:example.com" } ``` Note: The state key is an identifier for the rule, it is not supposed to be used for traceability between the entity and the state event, it includes the mxid of the user in this example for debugging purposes only. When it's applied on a client level its recommended to be ignored as to not be redundant with the m.ban recommendation. A future MSC is welcome to make m.ban and m.mute be recommended to be applied the same. When the `m.mute` recommendation is used, the entities effected by the rule should be suspended from participation where possible, but have their visibility of the room maintained. The enforcement of this is deliberately left as an implementation detail to avoid imposing an on how the policy rule is interpreted. However a suggestion for a simple implementation is as follows: * is a `user` rule: + Applied to a user: Hide any new messages from the user's DM's, do not display notifications or pings from them. + Applied to a room: The user's power level should be lowered below the required level to send `events_default`. + Applied to a server: The user should be suspended from sending events and uploading media. Effectively leaving the user's account in a read-only state. * is a `room` rule: + Applied to a user: New events from the room are ignored, not displayed in notifications and not shown to be active in a client. + Applied to a room: No-op? Could be changing `events_default` to the same level as moderators + Applied to a server: No-op? Could also be rendering the room read only from the specific server. * is a `server` rule: + Applied to a user: No op + Applied to a room: No op + Applied to a server: No op. The most important (and main motivation) of these recommendations is when a `user` rule is applied to a `room`. It should be noted that the current recommendation for a `user` rule applied to a `room` can come at the cost of rapid PL churn if used frequently. We hope that MSC3909 can address this. ## Potential issues - Causing state resolution to become more intensive due to causing a rapid growth in PL events being when implementations follow the advice for a `user` rule applied to a `room`. ## Alternatives There are few if any viable alternatives to doing this via Policy lists to achieve the goals of the MSC. But the way this MSC recommends applying a mute is straight up inferior to MSC3909 way of doing it. The MSCs in this MSC package are all not dependent on each other but are greatly enhanced by each other. Now as for how to practically implement a mute the merits of preferring the approach taken in MSC3909 are going to be discussed in that MSC. ## Security considerations This MSC has no new security considerations for policy lists. But applying this MSC without the use of MSC3909 will require that the applying party in the case of applying at a room level against a user the issuance of new power level events. This is problematic due to the effects it has on the room state. This is elaborated on in MSC3909 ## Unstable prefix During the time this MSC is unstable `m.mute` is replaced with `support.feline.policy.recomendation_mute` ## Dependencies This MSC builds on MSC3909, MSC3908 and MSC3784 (which at the time of writing have not yet been accepted into the spec). It does not require any of these MSCs to be implemented but it works best when implemented together with the rest of these MSCs. MSC3909 to heavily improve upon mutes, MSC3908 to make temporary mutes an option and MSC3784 to help enable building better user experiences interacting with policy lists.
3907	3908	builds_on	derived	proposals/unmerged/3907-mute-policy-recommendation.md	# MSC3907: Mute Policy Recommendation ## Introduction Matrix policy lists currently have a very limited scope. This MSC is just the first out of a series of MSCs that aim to expand this system. In this MSC we add a new recommendation of `m.mute`. Mutes are a standard tool in the moderators toolkit on most platforms and are already used informally on matrix today. Typically to mute a member of a room, a moderator has two options. They either find the member to mute a user listing in their client and edit their power level or they edit their power level directly by editing the room's `m.room.power_level` event manually. This is an error prone process as in either case the incorrect value can be given for the power level and some degree of risk in racing if another moderator also edits the rooms power level. On top of this, the process has to be repeated in each room that they wish to mute the user in. Granted, some of this can be alleviated with use of a script/bot, but we believe a mute policy recommendation would enable for a standard user expeirance for muting participants. The mute recommendation would also open the door for the implementation of mute to be changed transparently, and we will be introducing another MSC3909 that does this. Mutes will become less clumsy to use if they can be applied as policy. Especially when used together with MSC3907 to make them be able to expire on their own. MSC3909 will in the future also make them even better by making them a membership state if that MSC is implemented. This MSC is technically fully independent of these 2 MSCs. ## Proposal This MSC will create a new Policy List recommendation of `m.mute`. Below is an example event for this MSC that displays how it would be used in conjunction with MSC3908. ``` { "content": { "entity": "@evil:example.com", "reason": "spam", "recommendation": "m.mute", "expiry": 2000003600 }, "sender": "@mjolnir:example.com", "state_key": "_evil:example.com", "type": "m.policy.rule.user", "event_id": "exampleid", "room_id": "!policylist:example.com" } ``` Below is the same event but without the expiry. ``` { "content": { "entity": "@evil:example.com", "reason": "spam", "recommendation": "m.mute", }, "sender": "@mjolnir:example.com", "state_key": "_evil:example.com", "type": "m.policy.rule.user", "event_id": "exampleid", "room_id": "!policylist:example.com" } ``` Note: The state key is an identifier for the rule, it is not supposed to be used for traceability between the entity and the state event, it includes the mxid of the user in this example for debugging purposes only. When it's applied on a client level its recommended to be ignored as to not be redundant with the m.ban recommendation. A future MSC is welcome to make m.ban and m.mute be recommended to be applied the same. When the `m.mute` recommendation is used, the entities effected by the rule should be suspended from participation where possible, but have their visibility of the room maintained. The enforcement of this is deliberately left as an implementation detail to avoid imposing an on how the policy rule is interpreted. However a suggestion for a simple implementation is as follows: * is a `user` rule: + Applied to a user: Hide any new messages from the user's DM's, do not display notifications or pings from them. + Applied to a room: The user's power level should be lowered below the required level to send `events_default`. + Applied to a server: The user should be suspended from sending events and uploading media. Effectively leaving the user's account in a read-only state. * is a `room` rule: + Applied to a user: New events from the room are ignored, not displayed in notifications and not shown to be active in a client. + Applied to a room: No-op? Could be changing `events_default` to the same level as moderators + Applied to a server: No-op? Could also be rendering the room read only from the specific server. * is a `server` rule: + Applied to a user: No op + Applied to a room: No op + Applied to a server: No op. The most important (and main motivation) of these recommendations is when a `user` rule is applied to a `room`. It should be noted that the current recommendation for a `user` rule applied to a `room` can come at the cost of rapid PL churn if used frequently. We hope that MSC3909 can address this. ## Potential issues - Causing state resolution to become more intensive due to causing a rapid growth in PL events being when implementations follow the advice for a `user` rule applied to a `room`. ## Alternatives There are few if any viable alternatives to doing this via Policy lists to achieve the goals of the MSC. But the way this MSC recommends applying a mute is straight up inferior to MSC3909 way of doing it. The MSCs in this MSC package are all not dependent on each other but are greatly enhanced by each other. Now as for how to practically implement a mute the merits of preferring the approach taken in MSC3909 are going to be discussed in that MSC. ## Security considerations This MSC has no new security considerations for policy lists. But applying this MSC without the use of MSC3909 will require that the applying party in the case of applying at a room level against a user the issuance of new power level events. This is problematic due to the effects it has on the room state. This is elaborated on in MSC3909 ## Unstable prefix During the time this MSC is unstable `m.mute` is replaced with `support.feline.policy.recomendation_mute` ## Dependencies This MSC builds on MSC3909, MSC3908 and MSC3784 (which at the time of writing have not yet been accepted into the spec). It does not require any of these MSCs to be implemented but it works best when implemented together with the rest of these MSCs. MSC3909 to heavily improve upon mutes, MSC3908 to make temporary mutes an option and MSC3784 to help enable building better user experiences interacting with policy lists.
3907	3909	builds_on	derived	proposals/unmerged/3907-mute-policy-recommendation.md	# MSC3907: Mute Policy Recommendation ## Introduction Matrix policy lists currently have a very limited scope. This MSC is just the first out of a series of MSCs that aim to expand this system. In this MSC we add a new recommendation of `m.mute`. Mutes are a standard tool in the moderators toolkit on most platforms and are already used informally on matrix today. Typically to mute a member of a room, a moderator has two options. They either find the member to mute a user listing in their client and edit their power level or they edit their power level directly by editing the room's `m.room.power_level` event manually. This is an error prone process as in either case the incorrect value can be given for the power level and some degree of risk in racing if another moderator also edits the rooms power level. On top of this, the process has to be repeated in each room that they wish to mute the user in. Granted, some of this can be alleviated with use of a script/bot, but we believe a mute policy recommendation would enable for a standard user expeirance for muting participants. The mute recommendation would also open the door for the implementation of mute to be changed transparently, and we will be introducing another MSC3909 that does this. Mutes will become less clumsy to use if they can be applied as policy. Especially when used together with MSC3907 to make them be able to expire on their own. MSC3909 will in the future also make them even better by making them a membership state if that MSC is implemented. This MSC is technically fully independent of these 2 MSCs. ## Proposal This MSC will create a new Policy List recommendation of `m.mute`. Below is an example event for this MSC that displays how it would be used in conjunction with MSC3908. ``` { "content": { "entity": "@evil:example.com", "reason": "spam", "recommendation": "m.mute", "expiry": 2000003600 }, "sender": "@mjolnir:example.com", "state_key": "_evil:example.com", "type": "m.policy.rule.user", "event_id": "exampleid", "room_id": "!policylist:example.com" } ``` Below is the same event but without the expiry. ``` { "content": { "entity": "@evil:example.com", "reason": "spam", "recommendation": "m.mute", }, "sender": "@mjolnir:example.com", "state_key": "_evil:example.com", "type": "m.policy.rule.user", "event_id": "exampleid", "room_id": "!policylist:example.com" } ``` Note: The state key is an identifier for the rule, it is not supposed to be used for traceability between the entity and the state event, it includes the mxid of the user in this example for debugging purposes only. When it's applied on a client level its recommended to be ignored as to not be redundant with the m.ban recommendation. A future MSC is welcome to make m.ban and m.mute be recommended to be applied the same. When the `m.mute` recommendation is used, the entities effected by the rule should be suspended from participation where possible, but have their visibility of the room maintained. The enforcement of this is deliberately left as an implementation detail to avoid imposing an on how the policy rule is interpreted. However a suggestion for a simple implementation is as follows: * is a `user` rule: + Applied to a user: Hide any new messages from the user's DM's, do not display notifications or pings from them. + Applied to a room: The user's power level should be lowered below the required level to send `events_default`. + Applied to a server: The user should be suspended from sending events and uploading media. Effectively leaving the user's account in a read-only state. * is a `room` rule: + Applied to a user: New events from the room are ignored, not displayed in notifications and not shown to be active in a client. + Applied to a room: No-op? Could be changing `events_default` to the same level as moderators + Applied to a server: No-op? Could also be rendering the room read only from the specific server. * is a `server` rule: + Applied to a user: No op + Applied to a room: No op + Applied to a server: No op. The most important (and main motivation) of these recommendations is when a `user` rule is applied to a `room`. It should be noted that the current recommendation for a `user` rule applied to a `room` can come at the cost of rapid PL churn if used frequently. We hope that MSC3909 can address this. ## Potential issues - Causing state resolution to become more intensive due to causing a rapid growth in PL events being when implementations follow the advice for a `user` rule applied to a `room`. ## Alternatives There are few if any viable alternatives to doing this via Policy lists to achieve the goals of the MSC. But the way this MSC recommends applying a mute is straight up inferior to MSC3909 way of doing it. The MSCs in this MSC package are all not dependent on each other but are greatly enhanced by each other. Now as for how to practically implement a mute the merits of preferring the approach taken in MSC3909 are going to be discussed in that MSC. ## Security considerations This MSC has no new security considerations for policy lists. But applying this MSC without the use of MSC3909 will require that the applying party in the case of applying at a room level against a user the issuance of new power level events. This is problematic due to the effects it has on the room state. This is elaborated on in MSC3909 ## Unstable prefix During the time this MSC is unstable `m.mute` is replaced with `support.feline.policy.recomendation_mute` ## Dependencies This MSC builds on MSC3909, MSC3908 and MSC3784 (which at the time of writing have not yet been accepted into the spec). It does not require any of these MSCs to be implemented but it works best when implemented together with the rest of these MSCs. MSC3909 to heavily improve upon mutes, MSC3908 to make temporary mutes an option and MSC3784 to help enable building better user experiences interacting with policy lists.
3908	3784	builds_on	derived	proposals/unmerged/3908-expiring-policy-list-recommendations.md	# MSC3908: Expiring Policy List Recommendations ## Introduction Currently in matrix there is no canonical way to specify a desire to have an action that is coordinated via policy list to be temporary and expire. This proposal gives a field to express expiry within Policies which we hope will improve the user experience. We also believe expiry on policies will reduce the amount of attention maintaining lists requires, as currently emulating an explicit expiry field to work with tools such as mjolnir requires manually removing policies after the expiry date. The means of getting to this goal are simple. The use of a new `"expiry"` key. This key will define the point in time the recommendation is considered expired. By letting entries expire we easily enable features like making temp bans, making a mute from MSC3907 temporary and other future policy recommendations can also be temporary. ## Proposal To enable policies to expire an `"expiry"` field is used that contains a timestamp (in milliseconds since the unix epoch) for when the policy expires. An expired policy should have its recommendation discarded and any existing effects reverted. The `"expiry"` field is optional and if `"expiry"` is set to `0` it is equivalent to permanent. Implementations are free to determine how they check for expiry.. It is important that consumers understand that a policy is deemed to have expired once the expiry date is met from a subjective perspective. While we expect that there won't be much disagreement about when a date has been met, it is still somewhat likely disagreement can occur between clients, bots, server modules about whether the date has been met, especially around the boundary of the date. Below is an example recommendation to mute the user `@evil:example.com` with the help of MSC3907 this recommendation expires 1 hour after it was sent. The mute was sent at 2000000000. Now please note that the only timestamp that matters is the expiry timestamp. ``` { "content": { "entity": "@evil:example.com", "reason": "spam", "recommendation": "m.mute", "expiry": 2003600000 }, "sender": "@mjolnir:example.com", "state_key": "_evil:example.com", "type": "m.policy.rule.user", "event_id": "exampleid", "room_id": "!policylist:example.com" } ``` ## Potential issues ##### Effects of federation lag It is possible that the duration for which a policy is in effect can be reduced by the time taken to propagate the event to servers (and their clients) in the policy room, from the perspective of the client which sent it. In an exaggerated example, a policy with a recommendation to mute an entity sent at 12:00 with the intention to mute a participant for 15 minutes may take 1 minute to propagate to all of their moderation tooling. This could mean that the policy only in effect for 14 minutes. ##### Temporal disagreement for tooling that works collaboratively It is possible that if two (or more) bots are responsible for enacting a policy list over a set of rooms that they can disagree about whether the expiry date of a policy has been reached. This can lead to them applying and reverting each other's actions in conflict until they agree. If this proves to be a serious concern we suggest that tools send an acknowledgement of expiry event with a relation to the policy to inform other tools that they are about to revert the effects of a policy. ## Alternatives ##### DAG based expiry There have been alternatives considered that attempt to introduce the concept of a temporary ban directly into the DAG but these have been dismissed as completely insecure or easy to bypass. It is clear to the authors of this MSC that the current consensus in parts of the community is that introducing dependencies on time into the authorization DAG is a no-go. In either case this MSC deliberately avoids the complexities of dealing with servers having different temporal perspectives. ## Security considerations As is mentioned previously we deliberately avoid trying to achieve a consensus on when a policy has expires. By allowing the party that applies a policy recommendation to trust only their own perspective on what time it is we believe the MSC is secure. ## Unstable prefix During the time this MSC is unstable `expiry` key is replaced with `support.feline.policy.expiry.rev.2` ### Historical Prefixes `support.feline.policy.expiry` was the first prefix for this MSC and it was replaced when 0 was made to equal permanent. ## Dependencies This MSC builds on MSC3909, MSC3907 and MSC3784 (which at the time of writing have not yet been accepted into the spec). It does not require any of these MSCs to be implemented but it works best when implemented together with the rest of these MSCs. MSC3909 to heavily improve upon mutes, MSC3907 to make mute via policy list an option and MSC3784 to help enable building better user experiences interacting with policy lists.
3908	3907	builds_on	derived	proposals/unmerged/3908-expiring-policy-list-recommendations.md	# MSC3908: Expiring Policy List Recommendations ## Introduction Currently in matrix there is no canonical way to specify a desire to have an action that is coordinated via policy list to be temporary and expire. This proposal gives a field to express expiry within Policies which we hope will improve the user experience. We also believe expiry on policies will reduce the amount of attention maintaining lists requires, as currently emulating an explicit expiry field to work with tools such as mjolnir requires manually removing policies after the expiry date. The means of getting to this goal are simple. The use of a new `"expiry"` key. This key will define the point in time the recommendation is considered expired. By letting entries expire we easily enable features like making temp bans, making a mute from MSC3907 temporary and other future policy recommendations can also be temporary. ## Proposal To enable policies to expire an `"expiry"` field is used that contains a timestamp (in milliseconds since the unix epoch) for when the policy expires. An expired policy should have its recommendation discarded and any existing effects reverted. The `"expiry"` field is optional and if `"expiry"` is set to `0` it is equivalent to permanent. Implementations are free to determine how they check for expiry.. It is important that consumers understand that a policy is deemed to have expired once the expiry date is met from a subjective perspective. While we expect that there won't be much disagreement about when a date has been met, it is still somewhat likely disagreement can occur between clients, bots, server modules about whether the date has been met, especially around the boundary of the date. Below is an example recommendation to mute the user `@evil:example.com` with the help of MSC3907 this recommendation expires 1 hour after it was sent. The mute was sent at 2000000000. Now please note that the only timestamp that matters is the expiry timestamp. ``` { "content": { "entity": "@evil:example.com", "reason": "spam", "recommendation": "m.mute", "expiry": 2003600000 }, "sender": "@mjolnir:example.com", "state_key": "_evil:example.com", "type": "m.policy.rule.user", "event_id": "exampleid", "room_id": "!policylist:example.com" } ``` ## Potential issues ##### Effects of federation lag It is possible that the duration for which a policy is in effect can be reduced by the time taken to propagate the event to servers (and their clients) in the policy room, from the perspective of the client which sent it. In an exaggerated example, a policy with a recommendation to mute an entity sent at 12:00 with the intention to mute a participant for 15 minutes may take 1 minute to propagate to all of their moderation tooling. This could mean that the policy only in effect for 14 minutes. ##### Temporal disagreement for tooling that works collaboratively It is possible that if two (or more) bots are responsible for enacting a policy list over a set of rooms that they can disagree about whether the expiry date of a policy has been reached. This can lead to them applying and reverting each other's actions in conflict until they agree. If this proves to be a serious concern we suggest that tools send an acknowledgement of expiry event with a relation to the policy to inform other tools that they are about to revert the effects of a policy. ## Alternatives ##### DAG based expiry There have been alternatives considered that attempt to introduce the concept of a temporary ban directly into the DAG but these have been dismissed as completely insecure or easy to bypass. It is clear to the authors of this MSC that the current consensus in parts of the community is that introducing dependencies on time into the authorization DAG is a no-go. In either case this MSC deliberately avoids the complexities of dealing with servers having different temporal perspectives. ## Security considerations As is mentioned previously we deliberately avoid trying to achieve a consensus on when a policy has expires. By allowing the party that applies a policy recommendation to trust only their own perspective on what time it is we believe the MSC is secure. ## Unstable prefix During the time this MSC is unstable `expiry` key is replaced with `support.feline.policy.expiry.rev.2` ### Historical Prefixes `support.feline.policy.expiry` was the first prefix for this MSC and it was replaced when 0 was made to equal permanent. ## Dependencies This MSC builds on MSC3909, MSC3907 and MSC3784 (which at the time of writing have not yet been accepted into the spec). It does not require any of these MSCs to be implemented but it works best when implemented together with the rest of these MSCs. MSC3909 to heavily improve upon mutes, MSC3907 to make mute via policy list an option and MSC3784 to help enable building better user experiences interacting with policy lists.
3908	3909	builds_on	derived	proposals/unmerged/3908-expiring-policy-list-recommendations.md	# MSC3908: Expiring Policy List Recommendations ## Introduction Currently in matrix there is no canonical way to specify a desire to have an action that is coordinated via policy list to be temporary and expire. This proposal gives a field to express expiry within Policies which we hope will improve the user experience. We also believe expiry on policies will reduce the amount of attention maintaining lists requires, as currently emulating an explicit expiry field to work with tools such as mjolnir requires manually removing policies after the expiry date. The means of getting to this goal are simple. The use of a new `"expiry"` key. This key will define the point in time the recommendation is considered expired. By letting entries expire we easily enable features like making temp bans, making a mute from MSC3907 temporary and other future policy recommendations can also be temporary. ## Proposal To enable policies to expire an `"expiry"` field is used that contains a timestamp (in milliseconds since the unix epoch) for when the policy expires. An expired policy should have its recommendation discarded and any existing effects reverted. The `"expiry"` field is optional and if `"expiry"` is set to `0` it is equivalent to permanent. Implementations are free to determine how they check for expiry.. It is important that consumers understand that a policy is deemed to have expired once the expiry date is met from a subjective perspective. While we expect that there won't be much disagreement about when a date has been met, it is still somewhat likely disagreement can occur between clients, bots, server modules about whether the date has been met, especially around the boundary of the date. Below is an example recommendation to mute the user `@evil:example.com` with the help of MSC3907 this recommendation expires 1 hour after it was sent. The mute was sent at 2000000000. Now please note that the only timestamp that matters is the expiry timestamp. ``` { "content": { "entity": "@evil:example.com", "reason": "spam", "recommendation": "m.mute", "expiry": 2003600000 }, "sender": "@mjolnir:example.com", "state_key": "_evil:example.com", "type": "m.policy.rule.user", "event_id": "exampleid", "room_id": "!policylist:example.com" } ``` ## Potential issues ##### Effects of federation lag It is possible that the duration for which a policy is in effect can be reduced by the time taken to propagate the event to servers (and their clients) in the policy room, from the perspective of the client which sent it. In an exaggerated example, a policy with a recommendation to mute an entity sent at 12:00 with the intention to mute a participant for 15 minutes may take 1 minute to propagate to all of their moderation tooling. This could mean that the policy only in effect for 14 minutes. ##### Temporal disagreement for tooling that works collaboratively It is possible that if two (or more) bots are responsible for enacting a policy list over a set of rooms that they can disagree about whether the expiry date of a policy has been reached. This can lead to them applying and reverting each other's actions in conflict until they agree. If this proves to be a serious concern we suggest that tools send an acknowledgement of expiry event with a relation to the policy to inform other tools that they are about to revert the effects of a policy. ## Alternatives ##### DAG based expiry There have been alternatives considered that attempt to introduce the concept of a temporary ban directly into the DAG but these have been dismissed as completely insecure or easy to bypass. It is clear to the authors of this MSC that the current consensus in parts of the community is that introducing dependencies on time into the authorization DAG is a no-go. In either case this MSC deliberately avoids the complexities of dealing with servers having different temporal perspectives. ## Security considerations As is mentioned previously we deliberately avoid trying to achieve a consensus on when a policy has expires. By allowing the party that applies a policy recommendation to trust only their own perspective on what time it is we believe the MSC is secure. ## Unstable prefix During the time this MSC is unstable `expiry` key is replaced with `support.feline.policy.expiry.rev.2` ### Historical Prefixes `support.feline.policy.expiry` was the first prefix for this MSC and it was replaced when 0 was made to equal permanent. ## Dependencies This MSC builds on MSC3909, MSC3907 and MSC3784 (which at the time of writing have not yet been accepted into the spec). It does not require any of these MSCs to be implemented but it works best when implemented together with the rest of these MSCs. MSC3909 to heavily improve upon mutes, MSC3907 to make mute via policy list an option and MSC3784 to help enable building better user experiences interacting with policy lists.
3909	3784	builds_on	derived	proposals/unmerged/3909-membership-based-mutes.md	# MSC3909: Membership based mutes ## Introduction As covered in in MSC3907 currently in matrix mutes are done via powerlevel manipulation. This MSC has the simple purpose of defining a path forward that alleviates this problem. Yes it does require a room version bump but this MSC will explain why this is an acceptable compromise. To achieve Mutes via membership a new membership state is proposed of `mute`. It would allow you to exclusively send Read markers and exempt events as defined later. A passive benefit of this MSC that is notable is that with the introduction of Partial joining of rooms the minimum state to join said room is important. As far as the authors understand this state is obligatorily going to be negatively effected by PL events climbing in number. This MSC mitigates this and this is a real world relevant example of why this MSC matters. ## Proposal This proposal defines the `mute` membership type. If a user has this membership type in a room they are restricted to exclusively sending receipts, leaving via setting their membership to `leave-mute` as defined later and `m.room.redaction` events. This proposal also introduces the new membership type of `leave-mute` this special membership is set if a user leaves the room while their membership is `mute` this way you can still leave rooms while muted without introducing a security flaw. The legal transitions for the `mute` membership type based on Room version 10 would be `join` -> `mute` -> `leave-mute`, `join`(Requires sufficient PL to set membership to `mute`), `leave`(Exclusively via kick), `ban`. The legal transitions for the `leave-mute` membership type based on Room version 10 would be `mute` -> `leave-mute` -> `invite`(Requires sufficient PL to set membership to `mute` and to set membership to `invite`) , `leave-mute`, `leave`(Requires sufficient PL to set membership to `mute`) `ban`. ### Authorisation rules. To be written. Contributions welcome. ## Potential issues On the potential issue that this MSC requires rooms that want to employ it to be created after the room version its included in becomes default or their homeserver makes it default or they manually select it for an upgrade is deemed acceptable. The reason this is deemed acceptable is because as has been made clear in discussions with community moderation teams for multiple communities not all communities want to use mutes in their toolkit and therefore not all communities will feel the need to upgrade their room version to gain access to this feature. The UX around room version upgrades is being worked upon to make them less disruptive. There is work in the area of deleting state for example that requires better room version upgrade mechanics. There is also history importing work being done as another avenue of lessening the impact of room version upgrades in the future. The authors of this MSC believes that communities that desire to use this MSC to its full potential are perfectly happy to accept the compromises involved in a room version bump. This MSCs purpose can be achieved via powerlevels in earlier room versions. This comes at the cost of a skyrocketing state resolution complexity but this is always an option for communities that don't want to upgrade their room version or if this MSC fails. The authors of this MSC are not aware of any other potential issues that have not been covered elsewhere in this MSC. ## Alternatives The alternative of staying with our current Mutes as PL way has been dismissed as undesirable due to the scaling issues. And also for the fact that it makes state resolution complexity grow at a faster rate due to that powerlevels have to all be resolved always. Going the path of RBAC or another powerlevels overhaul was also dismissed because this MSC intends to in a perfect world be able to be implemented quite quickly in a vacuum that is not tied to any other MSC. ## Security considerations The `mute` membership type is going to be yet another thing that you can mess up implementing and that is recognised as an ok. The authors of this MSC believes that is an acceptable compromise since we avoid the PL churn of current mute implementations. The ability to bypass a mute by leaving the room is mitigated by the `leave-mute` membership type while still allowing full normal functionality except for re-joining a room via invite as muted. Because redactions are exempt from Mutes for privacy reasons this does re open the exploit that is closed by denying profile updates on paper. This exploit does not in practice get reintroduced to any large degree as clients don’t render redact reasons. And it is recommended that stakeholders that are worried about this abuse path use clients that render so called hidden events so you can see the redactions to observe if they have suspicious patterns. ## Unstable prefix This MSC is not recommended to be implemented before Authorisation rules are properly specified but if implemented. Please use the version string of `support.feline.mute.msc3909.v0.2` Once Authorisation rules are specified it's expected that the unstable version after that is v1. This is because the pre authorisation rules properly written down version cant be trusted to interoperate and this is why its NOT recommended to implement a version that is based on this MSC before that section is written. ## Historical Prefixes `support.feline.mute.msc3909.v0` was the prefix for the first iteration of the MSC. This prefix was for when self banning was included. `support.feline.mute.msc3909.v0.1` was the prefix for the second iteration of the MSC. This prefix was current before the bug that ban was omitted from the transitions was fixed and redactions are now legal for muted parties to issue. ## Dependencies This MSC builds on MSC3907, MSC3908 and MSC3784 (which at the time of writing have not yet been accepted into the spec). It does not require any of these MSCs to be implemented but it works best when implemented together with the rest of these MSCs. MSC3907 to coordinate mutes via policy list, MSC3908 to make temporary mutes an option when coordinated via policy lists and MSC3784 to help enable building better user experiences interacting with policy lists.
3909	3907	builds_on	derived	proposals/unmerged/3909-membership-based-mutes.md	# MSC3909: Membership based mutes ## Introduction As covered in in MSC3907 currently in matrix mutes are done via powerlevel manipulation. This MSC has the simple purpose of defining a path forward that alleviates this problem. Yes it does require a room version bump but this MSC will explain why this is an acceptable compromise. To achieve Mutes via membership a new membership state is proposed of `mute`. It would allow you to exclusively send Read markers and exempt events as defined later. A passive benefit of this MSC that is notable is that with the introduction of Partial joining of rooms the minimum state to join said room is important. As far as the authors understand this state is obligatorily going to be negatively effected by PL events climbing in number. This MSC mitigates this and this is a real world relevant example of why this MSC matters. ## Proposal This proposal defines the `mute` membership type. If a user has this membership type in a room they are restricted to exclusively sending receipts, leaving via setting their membership to `leave-mute` as defined later and `m.room.redaction` events. This proposal also introduces the new membership type of `leave-mute` this special membership is set if a user leaves the room while their membership is `mute` this way you can still leave rooms while muted without introducing a security flaw. The legal transitions for the `mute` membership type based on Room version 10 would be `join` -> `mute` -> `leave-mute`, `join`(Requires sufficient PL to set membership to `mute`), `leave`(Exclusively via kick), `ban`. The legal transitions for the `leave-mute` membership type based on Room version 10 would be `mute` -> `leave-mute` -> `invite`(Requires sufficient PL to set membership to `mute` and to set membership to `invite`) , `leave-mute`, `leave`(Requires sufficient PL to set membership to `mute`) `ban`. ### Authorisation rules. To be written. Contributions welcome. ## Potential issues On the potential issue that this MSC requires rooms that want to employ it to be created after the room version its included in becomes default or their homeserver makes it default or they manually select it for an upgrade is deemed acceptable. The reason this is deemed acceptable is because as has been made clear in discussions with community moderation teams for multiple communities not all communities want to use mutes in their toolkit and therefore not all communities will feel the need to upgrade their room version to gain access to this feature. The UX around room version upgrades is being worked upon to make them less disruptive. There is work in the area of deleting state for example that requires better room version upgrade mechanics. There is also history importing work being done as another avenue of lessening the impact of room version upgrades in the future. The authors of this MSC believes that communities that desire to use this MSC to its full potential are perfectly happy to accept the compromises involved in a room version bump. This MSCs purpose can be achieved via powerlevels in earlier room versions. This comes at the cost of a skyrocketing state resolution complexity but this is always an option for communities that don't want to upgrade their room version or if this MSC fails. The authors of this MSC are not aware of any other potential issues that have not been covered elsewhere in this MSC. ## Alternatives The alternative of staying with our current Mutes as PL way has been dismissed as undesirable due to the scaling issues. And also for the fact that it makes state resolution complexity grow at a faster rate due to that powerlevels have to all be resolved always. Going the path of RBAC or another powerlevels overhaul was also dismissed because this MSC intends to in a perfect world be able to be implemented quite quickly in a vacuum that is not tied to any other MSC. ## Security considerations The `mute` membership type is going to be yet another thing that you can mess up implementing and that is recognised as an ok. The authors of this MSC believes that is an acceptable compromise since we avoid the PL churn of current mute implementations. The ability to bypass a mute by leaving the room is mitigated by the `leave-mute` membership type while still allowing full normal functionality except for re-joining a room via invite as muted. Because redactions are exempt from Mutes for privacy reasons this does re open the exploit that is closed by denying profile updates on paper. This exploit does not in practice get reintroduced to any large degree as clients don’t render redact reasons. And it is recommended that stakeholders that are worried about this abuse path use clients that render so called hidden events so you can see the redactions to observe if they have suspicious patterns. ## Unstable prefix This MSC is not recommended to be implemented before Authorisation rules are properly specified but if implemented. Please use the version string of `support.feline.mute.msc3909.v0.2` Once Authorisation rules are specified it's expected that the unstable version after that is v1. This is because the pre authorisation rules properly written down version cant be trusted to interoperate and this is why its NOT recommended to implement a version that is based on this MSC before that section is written. ## Historical Prefixes `support.feline.mute.msc3909.v0` was the prefix for the first iteration of the MSC. This prefix was for when self banning was included. `support.feline.mute.msc3909.v0.1` was the prefix for the second iteration of the MSC. This prefix was current before the bug that ban was omitted from the transitions was fixed and redactions are now legal for muted parties to issue. ## Dependencies This MSC builds on MSC3907, MSC3908 and MSC3784 (which at the time of writing have not yet been accepted into the spec). It does not require any of these MSCs to be implemented but it works best when implemented together with the rest of these MSCs. MSC3907 to coordinate mutes via policy list, MSC3908 to make temporary mutes an option when coordinated via policy lists and MSC3784 to help enable building better user experiences interacting with policy lists.
3909	3908	builds_on	derived	proposals/unmerged/3909-membership-based-mutes.md	# MSC3909: Membership based mutes ## Introduction As covered in in MSC3907 currently in matrix mutes are done via powerlevel manipulation. This MSC has the simple purpose of defining a path forward that alleviates this problem. Yes it does require a room version bump but this MSC will explain why this is an acceptable compromise. To achieve Mutes via membership a new membership state is proposed of `mute`. It would allow you to exclusively send Read markers and exempt events as defined later. A passive benefit of this MSC that is notable is that with the introduction of Partial joining of rooms the minimum state to join said room is important. As far as the authors understand this state is obligatorily going to be negatively effected by PL events climbing in number. This MSC mitigates this and this is a real world relevant example of why this MSC matters. ## Proposal This proposal defines the `mute` membership type. If a user has this membership type in a room they are restricted to exclusively sending receipts, leaving via setting their membership to `leave-mute` as defined later and `m.room.redaction` events. This proposal also introduces the new membership type of `leave-mute` this special membership is set if a user leaves the room while their membership is `mute` this way you can still leave rooms while muted without introducing a security flaw. The legal transitions for the `mute` membership type based on Room version 10 would be `join` -> `mute` -> `leave-mute`, `join`(Requires sufficient PL to set membership to `mute`), `leave`(Exclusively via kick), `ban`. The legal transitions for the `leave-mute` membership type based on Room version 10 would be `mute` -> `leave-mute` -> `invite`(Requires sufficient PL to set membership to `mute` and to set membership to `invite`) , `leave-mute`, `leave`(Requires sufficient PL to set membership to `mute`) `ban`. ### Authorisation rules. To be written. Contributions welcome. ## Potential issues On the potential issue that this MSC requires rooms that want to employ it to be created after the room version its included in becomes default or their homeserver makes it default or they manually select it for an upgrade is deemed acceptable. The reason this is deemed acceptable is because as has been made clear in discussions with community moderation teams for multiple communities not all communities want to use mutes in their toolkit and therefore not all communities will feel the need to upgrade their room version to gain access to this feature. The UX around room version upgrades is being worked upon to make them less disruptive. There is work in the area of deleting state for example that requires better room version upgrade mechanics. There is also history importing work being done as another avenue of lessening the impact of room version upgrades in the future. The authors of this MSC believes that communities that desire to use this MSC to its full potential are perfectly happy to accept the compromises involved in a room version bump. This MSCs purpose can be achieved via powerlevels in earlier room versions. This comes at the cost of a skyrocketing state resolution complexity but this is always an option for communities that don't want to upgrade their room version or if this MSC fails. The authors of this MSC are not aware of any other potential issues that have not been covered elsewhere in this MSC. ## Alternatives The alternative of staying with our current Mutes as PL way has been dismissed as undesirable due to the scaling issues. And also for the fact that it makes state resolution complexity grow at a faster rate due to that powerlevels have to all be resolved always. Going the path of RBAC or another powerlevels overhaul was also dismissed because this MSC intends to in a perfect world be able to be implemented quite quickly in a vacuum that is not tied to any other MSC. ## Security considerations The `mute` membership type is going to be yet another thing that you can mess up implementing and that is recognised as an ok. The authors of this MSC believes that is an acceptable compromise since we avoid the PL churn of current mute implementations. The ability to bypass a mute by leaving the room is mitigated by the `leave-mute` membership type while still allowing full normal functionality except for re-joining a room via invite as muted. Because redactions are exempt from Mutes for privacy reasons this does re open the exploit that is closed by denying profile updates on paper. This exploit does not in practice get reintroduced to any large degree as clients don’t render redact reasons. And it is recommended that stakeholders that are worried about this abuse path use clients that render so called hidden events so you can see the redactions to observe if they have suspicious patterns. ## Unstable prefix This MSC is not recommended to be implemented before Authorisation rules are properly specified but if implemented. Please use the version string of `support.feline.mute.msc3909.v0.2` Once Authorisation rules are specified it's expected that the unstable version after that is v1. This is because the pre authorisation rules properly written down version cant be trusted to interoperate and this is why its NOT recommended to implement a version that is based on this MSC before that section is written. ## Historical Prefixes `support.feline.mute.msc3909.v0` was the prefix for the first iteration of the MSC. This prefix was for when self banning was included. `support.feline.mute.msc3909.v0.1` was the prefix for the second iteration of the MSC. This prefix was current before the bug that ban was omitted from the transitions was fixed and redactions are now legal for muted parties to issue. ## Dependencies This MSC builds on MSC3907, MSC3908 and MSC3784 (which at the time of writing have not yet been accepted into the spec). It does not require any of these MSCs to be implemented but it works best when implemented together with the rest of these MSCs. MSC3907 to coordinate mutes via policy list, MSC3908 to make temporary mutes an option when coordinated via policy lists and MSC3784 to help enable building better user experiences interacting with policy lists.
3911	3916	builds_on	derived	proposals/unmerged/3911-linking-media-to-events.md	This proposal builds on [MSC3916](https://github.com/matrix-org/matrix-spec-proposals/pull/3916) (which adds authentication to media download), to require that the authenticated user is *authorised* to access the requested media.
3916	1902	supersedes	direct	proposals/3916-authentication-for-media.md	This proposal supersedes [MSC1902](https://github.com/matrix-org/matrix-spec-proposals/pull/1902).
3959	3575	builds_on	derived	proposals/unmerged/3959-sliding-sync-account-data.md	This MSC builds on MSC3575, which at the time of writing has not yet been accepted into the spec.
3960	3575	builds_on	derived	proposals/unmerged/3960-sliding-sync-receipts.md	This MSC builds on MSC3575, which at the time of writing has not yet been accepted into the spec.
3961	3575	builds_on	derived	proposals/unmerged/3961-sliding-sync-typing.md	This MSC builds on MSC3575, which at the time of writing has not yet been accepted into the spec.
3971	2545	builds_on	derived	proposals/unmerged/3971-sharing-image-packs.md	This MSC builds on MSC2545 (which at the time of writing has not yet been accepted into the spec).
4016	2246	depends_on	derived	proposals/unmerged/4016-streaming-e2ee-file-transfer.md	This MSC depends on [MSC2246](https://github.com/matrix-org/matrix-spec-proposals/pull/2246), which has now landed in the spec. Extends [MSC3469](https://github.com/matrix-org/matrix-spec-proposals/pull/3469).
4016	3469	depends_on	derived	proposals/unmerged/4016-streaming-e2ee-file-transfer.md	This MSC depends on [MSC2246](https://github.com/matrix-org/matrix-spec-proposals/pull/2246), which has now landed in the spec. Extends [MSC3469](https://github.com/matrix-org/matrix-spec-proposals/pull/3469).
4038	2833	builds_on	derived	proposals/unmerged/4038-mls-key-backup.md	This MSC builds on [MSC2833](https://github.com/matrix-org/matrix-spec-proposals/pull/2883) (which at the time of writing has not yet been accepted into the spec).
4106	3909	builds_on	derived	proposals/unmerged/4106-join-as-muted.md	This MSC builds on MSC3909 as a direct dependency on it (which at the time of writing have not yet been accepted into the spec).
4108	3886	supersedes	direct	proposals/unmerged/4108-oidc-qr-login.md	This MSC supersedes [MSC3906](https://github.com/matrix-org/matrix-spec-proposals/pull/3906), [MSC3903](https://github.com/matrix-org/matrix-spec-proposals/pull/3903) and [MSC3886](https://github.com/matrix-org/matrix-spec-proposals/pull/3886) which achieved a similar feature but did not work with a homeserver using [OAuth 2.0 API](https://spec.matrix.org/v1.15/client-server-api/#oauth-20-api).
4108	3903	supersedes	direct	proposals/unmerged/4108-oidc-qr-login.md	This MSC supersedes [MSC3906](https://github.com/matrix-org/matrix-spec-proposals/pull/3906), [MSC3903](https://github.com/matrix-org/matrix-spec-proposals/pull/3903) and [MSC3886](https://github.com/matrix-org/matrix-spec-proposals/pull/3886) which achieved a similar feature but did not work with a homeserver using [OAuth 2.0 API](https://spec.matrix.org/v1.15/client-server-api/#oauth-20-api).
4108	3906	supersedes	direct	proposals/unmerged/4108-oidc-qr-login.md	This MSC supersedes [MSC3906](https://github.com/matrix-org/matrix-spec-proposals/pull/3906), [MSC3903](https://github.com/matrix-org/matrix-spec-proposals/pull/3903) and [MSC3886](https://github.com/matrix-org/matrix-spec-proposals/pull/3886) which achieved a similar feature but did not work with a homeserver using [OAuth 2.0 API](https://spec.matrix.org/v1.15/client-server-api/#oauth-20-api).
4121	1929	builds_on	derived	proposals/unmerged/4121-m.role.moderator.md	This MSC does not depend on any MSCs that have not been accepted into the specification. This MSC builds on the systems introduced in [MSC1929](https://github.com/matrix-org/matrix-spec-proposals/blob/main/proposals/1929-admin-contact.md) that is part of the 1.10 spec release.
4133	1769	replaces	direct	proposals/4133-extended-profiles.md	The proposal is designed to be straightforward and compatible with existing clients and servers, requiring minimal changes to facilitate quick adoption. It complements, rather than replaces, [MSC1769](https://github.com/matrix-org/matrix-spec-proposals/pull/1769) (Extensible Profiles as Rooms) by focusing on global profile data without the complexity of per-room profile management.
4143	4140	depends_on	derived	proposals/unmerged/4143-matrix-rtc.md	This proposal depends on [MSC4354: Sticky Events][MSC4354] and [MSC4140: Cancellable delayed events][MSC4140].
4143	4354	depends_on	derived	proposals/unmerged/4143-matrix-rtc.md	This proposal depends on [MSC4354: Sticky Events][MSC4354] and [MSC4140: Cancellable delayed events][MSC4140].
4149	2702	builds_on	derived	proposals/unmerged/4149-media-repo-csp-directives.md	This MSC builds on the understanding and practices outlined in [MSC2702](https://github.com/matrix-org/matrix-doc/pull/2702), which recommends against the use of certain media types, such as PDFs. There are no other direct dependencies for this proposal.
4155	4283	depends_on	derived	proposals/unmerged/4155-invite-filtering.md	This proposal loosely depends on [MSC4283] for the semantics of "ignore" and "block".
4195	4143	builds_on	derived	proposals/unmerged/4195-matrixrtc-livekit.md	This MSC builds on [MSC4143](https://github.com/matrix-org/matrix-spec-proposals/pull/4143) (which at the time of writing has not yet been accepted into the spec).
4196	4143	builds_on	derived	proposals/unmerged/4196-matrixrtc-m-call.md	This MSC builds on [MSC4143](https://github.com/matrix-org/matrix-spec-proposals/pull/4143) and [MSC4354](https://github.com/matrix-org/matrix-spec-proposals/pull/4354).
4196	4354	builds_on	derived	proposals/unmerged/4196-matrixrtc-m-call.md	This MSC builds on [MSC4143](https://github.com/matrix-org/matrix-spec-proposals/pull/4143) and [MSC4354](https://github.com/matrix-org/matrix-spec-proposals/pull/4354).
4198	4191	builds_on	derived	proposals/unmerged/4198-oidc-login-hint.md	This MSC builds on [MSC4191] (which at the time of writing has not yet been accepted into the spec).
4208	4133	depends_on	derived	proposals/unmerged/4208-user-defined-profile-fields.md	*This proposal depends on [MSC4133: Extending User Profile API](https://github.com/matrix-org/matrix-spec-proposals/pull/4133). It introduces user-defined custom fields in the `u.*` namespace for user profiles.*
4227	4108	builds_on	derived	proposals/unmerged/4227-audio-based-quick-login.md	This MSC builds on [MSC4108](https://github.com/matrix-org/matrix-spec-proposals/pull/4108), which at the time of writing has not yet been accepted into the spec.
4254	3861	replaces	direct	proposals/4254-oauth2-revocation.md	This proposal replaces the existing [`/_matrix/client/v3/logout`] endpoint for [MSC3861]-compatible clients. Those clients MUST use this mechanism to logout, and clients using the [`/_matrix/client/v3/login`] endpoint to login MUST keep using the existing [`/_matrix/client/v3/logout`] endpoint.
4268	4147	depends_on	derived	proposals/4268-encrypted-history-sharing.md	This MSC depends on [MSC4147](https://github.com/matrix-org/matrix-spec-proposals/pull/4147), which has recently been accepted into the spec.
4289	4291	depends_on	derived	proposals/4289-privilege-creators.md	This MSC depends on ["MSC4291: Room IDs as hashes of the create event"](https://github.com/matrix-org/matrix-spec-proposals/pull/4291).
4309	4140	builds_on	derived	proposals/unmerged/4309-finalisded-delayed-events-on-sync.md	This MSC builds on [MSC4140](https://github.com/matrix-org/matrix-spec-proposals/pull/4140).
4310	4075	builds_on	derived	proposals/unmerged/4310-MatrixRTC-call-decline.md	This MSC builds on [MSC4075](https://github.com/matrix-org/matrix-spec-proposals/pull/4075)
4310	4075	builds_on	derived	proposals/unmerged/4310-matrixRTC-call-decline.md	This MSC builds on [MSC4075](https://github.com/matrix-org/matrix-spec-proposals/pull/4075)
4322	3911	superseded_by	direct	proposals/unmerged/4322-simple-media-self-redaction.md	This proposal will be superseded by [MSC3911][3911] by nature, however it fills a gap that is currently missing in functionality in a simpler, easier to implement manner.
4331	2244	replaces	direct	proposals/unmerged/4331-device-account-data.md	Future-specified event types and contents communicate per-device information to the server. Examples of such information for further specifications include: - Supported room versions (replaces [MSC4292](https://github.com/matrix-org/matrix-spec-proposals/pull/4292)). - [MSC3890](https://github.com/matrix-org/matrix-spec-proposals/pull/3890) suggests [per-device account data](https://github.com/matrix-org/matrix-spec-proposals/pull/3890/files#diff-b32a4af9b74efc2c7a6af62a1ce0b53ec4f12f9d92349b75f5682f4ebb16cce7R71-R76). - Client capabilities and preferences. - e.g. Format for `redacts` in [MSC2244 Mass Redactions](https://github.com/matrix-org/matrix-spec-proposals/pull/2244) - Client software version identifier. - Encryption metadatas.
4331	3890	replaces	direct	proposals/unmerged/4331-device-account-data.md	Future-specified event types and contents communicate per-device information to the server. Examples of such information for further specifications include: - Supported room versions (replaces [MSC4292](https://github.com/matrix-org/matrix-spec-proposals/pull/4292)). - [MSC3890](https://github.com/matrix-org/matrix-spec-proposals/pull/3890) suggests [per-device account data](https://github.com/matrix-org/matrix-spec-proposals/pull/3890/files#diff-b32a4af9b74efc2c7a6af62a1ce0b53ec4f12f9d92349b75f5682f4ebb16cce7R71-R76). - Client capabilities and preferences. - e.g. Format for `redacts` in [MSC2244 Mass Redactions](https://github.com/matrix-org/matrix-spec-proposals/pull/2244) - Client software version identifier. - Encryption metadatas.
4331	4292	replaces	direct	proposals/unmerged/4331-device-account-data.md	Future-specified event types and contents communicate per-device information to the server. Examples of such information for further specifications include: - Supported room versions (replaces [MSC4292](https://github.com/matrix-org/matrix-spec-proposals/pull/4292)). - [MSC3890](https://github.com/matrix-org/matrix-spec-proposals/pull/3890) suggests [per-device account data](https://github.com/matrix-org/matrix-spec-proposals/pull/3890/files#diff-b32a4af9b74efc2c7a6af62a1ce0b53ec4f12f9d92349b75f5682f4ebb16cce7R71-R76). - Client capabilities and preferences. - e.g. Format for `redacts` in [MSC2244 Mass Redactions](https://github.com/matrix-org/matrix-spec-proposals/pull/2244) - Client software version identifier. - Encryption metadatas.
4333	4332	depends_on	derived	proposals/unmerged/4333-moderation-bot-state-api.md	This proposal depends on [MSC4332: In-room bot commands](https://github.com/matrix-org/matrix-spec-proposals/pull/4332).
4340	4332	builds_on	derived	proposals/unmerged/4340-in-room-command-prompts.md	This MSC builds on MSC4332 (which at the time of writing have not yet been accepted into the spec).
4345	3953	incorporates_attempt	direct	proposals/unmerged/4345-server-key-identity-and-room-membership.md	> [!NOTE] > > This proposal is a parallel exploration of > [MSC4243: User ID localparts as Account Keys](https://github.com/matrix-org/matrix-spec-proposals/pull/4243), > in order to explore the security of the Matrix room model with respect to new > identities. This MSC incorporates the ideas of three other successive attempts > to represent servers in the Matrix DAG: > [MSC4124: Simple Server Authorization](https://github.com/matrix-org/matrix-spec-proposals/pull/4124), > [MSC4099: Participation based authorization for servers in the Matrix DAG](https://github.com/matrix-org/matrix-spec-proposals/pull/4099), > and > [MSC3953: Server capability DAG](https://github.com/matrix-org/matrix-spec-proposals/pull/3953).
4345	4099	incorporates_attempt	direct	proposals/unmerged/4345-server-key-identity-and-room-membership.md	> [!NOTE] > > This proposal is a parallel exploration of > [MSC4243: User ID localparts as Account Keys](https://github.com/matrix-org/matrix-spec-proposals/pull/4243), > in order to explore the security of the Matrix room model with respect to new > identities. This MSC incorporates the ideas of three other successive attempts > to represent servers in the Matrix DAG: > [MSC4124: Simple Server Authorization](https://github.com/matrix-org/matrix-spec-proposals/pull/4124), > [MSC4099: Participation based authorization for servers in the Matrix DAG](https://github.com/matrix-org/matrix-spec-proposals/pull/4099), > and > [MSC3953: Server capability DAG](https://github.com/matrix-org/matrix-spec-proposals/pull/3953).
4345	4124	incorporates_attempt	direct	proposals/unmerged/4345-server-key-identity-and-room-membership.md	> [!NOTE] > > This proposal is a parallel exploration of > [MSC4243: User ID localparts as Account Keys](https://github.com/matrix-org/matrix-spec-proposals/pull/4243), > in order to explore the security of the Matrix room model with respect to new > identities. This MSC incorporates the ideas of three other successive attempts > to represent servers in the Matrix DAG: > [MSC4124: Simple Server Authorization](https://github.com/matrix-org/matrix-spec-proposals/pull/4124), > [MSC4099: Participation based authorization for servers in the Matrix DAG](https://github.com/matrix-org/matrix-spec-proposals/pull/4099), > and > [MSC3953: Server capability DAG](https://github.com/matrix-org/matrix-spec-proposals/pull/3953).
4345	4243	parallel_exploration	direct	proposals/unmerged/4345-server-key-identity-and-room-membership.md	> [!NOTE] > > This proposal is a parallel exploration of > [MSC4243: User ID localparts as Account Keys](https://github.com/matrix-org/matrix-spec-proposals/pull/4243), > in order to explore the security of the Matrix room model with respect to new > identities. This MSC incorporates the ideas of three other successive attempts > to represent servers in the Matrix DAG: > [MSC4124: Simple Server Authorization](https://github.com/matrix-org/matrix-spec-proposals/pull/4124), > [MSC4099: Participation based authorization for servers in the Matrix DAG](https://github.com/matrix-org/matrix-spec-proposals/pull/4099), > and > [MSC3953: Server capability DAG](https://github.com/matrix-org/matrix-spec-proposals/pull/3953).
4350	4153	builds_on	derived	proposals/unmerged/4350-appservice-encryption-impersonation.md	## Dependencies This MSC builds on [MSC4153]. While this proposal would technically work without 4153, some security properties assume that 4153 is accepted either before or at the same time as this MSC.
4376	1802	superseded_by	direct	proposals/4376-remove-send-join-v1.md	[/_matrix/federation/v1/send_join/{roomId}/{eventId}] has been superseded by a `v2` endpoint and deprecated with [MSC1802] in [r0.1.4] of the federation API in 2020. Given the time elapsed and the fact that the continued presence of the deprecated endpoint occasionally causes confusion[^1], it should be removed from the spec.
4377	2545	builds_on	derived	proposals/unmerged/4377-clarify-image-pack-ordering.md	This MSC builds on MSC2545 (which at the time of writing have not yet been accepted into the spec).
4416	4284	depends_on	derived	proposals/unmerged/4416-policy-servers-room-version.md	This proposal depends on [MSC4284: Policy Servers](https://github.com/matrix-org/matrix-spec-proposals/pull/4284).
4433	2545	builds_on	derived	proposals/unmerged/4433-image-packs-room-upgrades.md	This MSC builds on [MSC2545] (which at the time of writing has not yet been accepted into the spec).
4441	4483	depends_on	derived	proposals/unmerged/4441-user-profile-annotations.md	This MSC depends on the following proposals not yet accepted: * [MSC4483: Encrypted Account Data][MSC4483]
4453	4472	depends_on	derived	proposals/unmerged/4453-deprecate-old-room-versions.md	This proposal depends on [MSC4472: Deprecated room version kind][MSC4472] in order to make a distinction between deprecated and unstable rooms.
4459	2545	builds_on	derived	proposals/unmerged/4459-image-pack-references.md	## Dependencies This MSC builds on MSC2545, which is in final comment period as of writing and will presumably be accepted.
4461	4144	builds_on	derived	proposals/unmerged/4461-per-message-profile-storage.md	## Dependencies This MSC builds on [MSC4144], which at the time of writing has not yet been accepted into the spec.
4464	4462	builds_on	derived	proposals/unmerged/4464-verifiable-links-in-profile.md	This proposal builds on [MSC4462: Links in Profile](https://github.com/matrix-org/matrix-spec-proposals/pull/4462) and extends its `m.connections` field in the user profile, with `verification_method` as an attribute describing how the link can be verified.
4466	4069	supersedes	direct	proposals/unmerged/4466-profile-change-propagation.md	This proposal supersedes MSC4069.
4466	4133	depends_on	derived	proposals/unmerged/4466-profile-change-propagation.md	## Dependencies This proposal depends on MSC4133, which is already in the specification.
4466	4437	extends	derived	proposals/unmerged/4466-profile-change-propagation.md	This proposal extends MSC4437, but may be partially implemented without it.
4468	3215	replaces	direct	proposals/unmerged/4468-report-to-community.md	This proposal is intended to replace a large part of [MSC3215](https://github.com/matrix-org/matrix-spec-proposals/pull/3215). Reporting v2 as a project replaces the remainder of MSC3215.
4474	1767	builds_on	derived	proposals/unmerged/4474-clarify-extensible-cbs.md	This MSC builds on MSC1767, which has been accepted but is blocked by the rest of the [core Extensible Events](https://github.com/orgs/matrix-org/projects/108/views/7).
4476	2545	builds_on	derived	proposals/unmerged/4476-image-pack-rooms.md	This MSC builds on [MSC2545](https://github.com/matrix-org/matrix-spec-proposals/pull/2545), which has recently been accepted and merged.
4480	4186	builds_on	derived	proposals/unmerged/4480-sliding-sync-sticky-events.md	This MSC builds on [MSC4354] and [MSC4186].
4480	4354	builds_on	derived	proposals/unmerged/4480-sliding-sync-sticky-events.md	This MSC builds on [MSC4354] and [MSC4186].
4482	4474	builds_on	derived	proposals/unmerged/4482-ability-to-bookmark-messages.md	This MSC builds on MSC4474 (which at the time of writing have not yet been accepted into the spec).
4486	4140	builds_on	derived	proposals/unmerged/4486-extended-delayed-events-api.md	This MSC builds on [MSC4140: Cancellable delayed events][MSC4140].
4490	4489	builds_on	derived	proposals/unmerged/4490-surfacing_room_contacts_when_a_join_or_knock_does_not_succeed.md	This builds on [MSC4489](https://github.com/matrix-org/matrix-spec-proposals/pull/4489) and changes only the *delivery* of already-published information on a failed join or knock; it introduces no new place for a room to declare contacts and defines no new error conditions.
4490	4489	depends_on	derived	proposals/unmerged/4490-surfacing_room_contacts_when_a_join_or_knock_does_not_succeed.md	This proposal depends on [MSC4489](https://github.com/matrix-org/matrix-spec-proposals/pull/4489) (`m.room.contact` state event), which MUST be accepted first.
4496	3160	supersedes	direct	proposals/unmerged/4496-matrix-caldav.md	- [MSC1116](https://github.com/matrix-org/matrix-spec-proposals/pull/1116) – Original calendar proposal by @Half-Shot (closed; this MSC supersedes it). - [MSC3956](https://github.com/matrix-org/matrix-spec-proposals/pull/3956) – Extensible Events encryption (WIP; relationship discussed in §5.2). - [MSC4133](https://github.com/matrix-org/matrix-spec-proposals/pull/4133) – Extensible user profiles (merged in Matrix 1.16; discussed in §4.4). - [MSC4175](https://github.com/matrix-org/matrix-spec-proposals/pull/4175) – User timezone profile field (merged in Matrix 1.16; discussed in §4.4). - [MSC3160](https://github.com/matrix-org/matrix-spec-proposals/pull/3160) – Message timezone markup (addresses timezone display in freeform messages; this MSC's structured event type supersedes that use case for scheduled events). - [MSC3401](https://github.com/matrix-org/matrix-spec-proposals/pull/3401) – MatrixRTC (the spec-level term for Matrix-native video calls; `conference.room_id` points to a MatrixRTC-enabled room as defined there). - [MSC3488](https://github.com/matrix-org/matrix-spec-proposals/pull/3488) – Location data (`m.location`; this MSC's `location.uri` field reuses the same `geo:` URI convention). - [RFC 5546](https://www.rfc-editor.org/rfc/rfc5546) – iTIP scheduling methods. - [RFC 6638](https://www.rfc-editor.org/rfc/rfc6638) – CalDAV scheduling extensions. - [RFC 7953](https://www.rfc-editor.org/rfc/rfc7953) – VAVAILABILITY. - [RFC 8984](https://www.rfc-editor.org/rfc/rfc8984) – JSCalendar 1.0. - [draft-ietf-calext-jscalendarbis](https://datatracker.ietf.org/doc/draft-ietf-calext-jscalendarbis/) – JSCalendar 2.0. - [RFC 9073](https://www.rfc-editor.org/rfc/rfc9073) – Event Publishing Extensions to iCalendar (defines `CONFERENCE` property used in §2.4 bridge mapping).
4496	3401	supersedes	direct	proposals/unmerged/4496-matrix-caldav.md	- [MSC1116](https://github.com/matrix-org/matrix-spec-proposals/pull/1116) – Original calendar proposal by @Half-Shot (closed; this MSC supersedes it). - [MSC3956](https://github.com/matrix-org/matrix-spec-proposals/pull/3956) – Extensible Events encryption (WIP; relationship discussed in §5.2). - [MSC4133](https://github.com/matrix-org/matrix-spec-proposals/pull/4133) – Extensible user profiles (merged in Matrix 1.16; discussed in §4.4). - [MSC4175](https://github.com/matrix-org/matrix-spec-proposals/pull/4175) – User timezone profile field (merged in Matrix 1.16; discussed in §4.4). - [MSC3160](https://github.com/matrix-org/matrix-spec-proposals/pull/3160) – Message timezone markup (addresses timezone display in freeform messages; this MSC's structured event type supersedes that use case for scheduled events). - [MSC3401](https://github.com/matrix-org/matrix-spec-proposals/pull/3401) – MatrixRTC (the spec-level term for Matrix-native video calls; `conference.room_id` points to a MatrixRTC-enabled room as defined there). - [MSC3488](https://github.com/matrix-org/matrix-spec-proposals/pull/3488) – Location data (`m.location`; this MSC's `location.uri` field reuses the same `geo:` URI convention). - [RFC 5546](https://www.rfc-editor.org/rfc/rfc5546) – iTIP scheduling methods. - [RFC 6638](https://www.rfc-editor.org/rfc/rfc6638) – CalDAV scheduling extensions. - [RFC 7953](https://www.rfc-editor.org/rfc/rfc7953) – VAVAILABILITY. - [RFC 8984](https://www.rfc-editor.org/rfc/rfc8984) – JSCalendar 1.0. - [draft-ietf-calext-jscalendarbis](https://datatracker.ietf.org/doc/draft-ietf-calext-jscalendarbis/) – JSCalendar 2.0. - [RFC 9073](https://www.rfc-editor.org/rfc/rfc9073) – Event Publishing Extensions to iCalendar (defines `CONFERENCE` property used in §2.4 bridge mapping).
4496	3488	supersedes	direct	proposals/unmerged/4496-matrix-caldav.md	- [MSC1116](https://github.com/matrix-org/matrix-spec-proposals/pull/1116) – Original calendar proposal by @Half-Shot (closed; this MSC supersedes it). - [MSC3956](https://github.com/matrix-org/matrix-spec-proposals/pull/3956) – Extensible Events encryption (WIP; relationship discussed in §5.2). - [MSC4133](https://github.com/matrix-org/matrix-spec-proposals/pull/4133) – Extensible user profiles (merged in Matrix 1.16; discussed in §4.4). - [MSC4175](https://github.com/matrix-org/matrix-spec-proposals/pull/4175) – User timezone profile field (merged in Matrix 1.16; discussed in §4.4). - [MSC3160](https://github.com/matrix-org/matrix-spec-proposals/pull/3160) – Message timezone markup (addresses timezone display in freeform messages; this MSC's structured event type supersedes that use case for scheduled events). - [MSC3401](https://github.com/matrix-org/matrix-spec-proposals/pull/3401) – MatrixRTC (the spec-level term for Matrix-native video calls; `conference.room_id` points to a MatrixRTC-enabled room as defined there). - [MSC3488](https://github.com/matrix-org/matrix-spec-proposals/pull/3488) – Location data (`m.location`; this MSC's `location.uri` field reuses the same `geo:` URI convention). - [RFC 5546](https://www.rfc-editor.org/rfc/rfc5546) – iTIP scheduling methods. - [RFC 6638](https://www.rfc-editor.org/rfc/rfc6638) – CalDAV scheduling extensions. - [RFC 7953](https://www.rfc-editor.org/rfc/rfc7953) – VAVAILABILITY. - [RFC 8984](https://www.rfc-editor.org/rfc/rfc8984) – JSCalendar 1.0. - [draft-ietf-calext-jscalendarbis](https://datatracker.ietf.org/doc/draft-ietf-calext-jscalendarbis/) – JSCalendar 2.0. - [RFC 9073](https://www.rfc-editor.org/rfc/rfc9073) – Event Publishing Extensions to iCalendar (defines `CONFERENCE` property used in §2.4 bridge mapping).
4496	3956	supersedes	direct	proposals/unmerged/4496-matrix-caldav.md	- [MSC1116](https://github.com/matrix-org/matrix-spec-proposals/pull/1116) – Original calendar proposal by @Half-Shot (closed; this MSC supersedes it). - [MSC3956](https://github.com/matrix-org/matrix-spec-proposals/pull/3956) – Extensible Events encryption (WIP; relationship discussed in §5.2). - [MSC4133](https://github.com/matrix-org/matrix-spec-proposals/pull/4133) – Extensible user profiles (merged in Matrix 1.16; discussed in §4.4). - [MSC4175](https://github.com/matrix-org/matrix-spec-proposals/pull/4175) – User timezone profile field (merged in Matrix 1.16; discussed in §4.4). - [MSC3160](https://github.com/matrix-org/matrix-spec-proposals/pull/3160) – Message timezone markup (addresses timezone display in freeform messages; this MSC's structured event type supersedes that use case for scheduled events). - [MSC3401](https://github.com/matrix-org/matrix-spec-proposals/pull/3401) – MatrixRTC (the spec-level term for Matrix-native video calls; `conference.room_id` points to a MatrixRTC-enabled room as defined there). - [MSC3488](https://github.com/matrix-org/matrix-spec-proposals/pull/3488) – Location data (`m.location`; this MSC's `location.uri` field reuses the same `geo:` URI convention). - [RFC 5546](https://www.rfc-editor.org/rfc/rfc5546) – iTIP scheduling methods. - [RFC 6638](https://www.rfc-editor.org/rfc/rfc6638) – CalDAV scheduling extensions. - [RFC 7953](https://www.rfc-editor.org/rfc/rfc7953) – VAVAILABILITY. - [RFC 8984](https://www.rfc-editor.org/rfc/rfc8984) – JSCalendar 1.0. - [draft-ietf-calext-jscalendarbis](https://datatracker.ietf.org/doc/draft-ietf-calext-jscalendarbis/) – JSCalendar 2.0. - [RFC 9073](https://www.rfc-editor.org/rfc/rfc9073) – Event Publishing Extensions to iCalendar (defines `CONFERENCE` property used in §2.4 bridge mapping).
4496	4133	supersedes	direct	proposals/unmerged/4496-matrix-caldav.md	- [MSC1116](https://github.com/matrix-org/matrix-spec-proposals/pull/1116) – Original calendar proposal by @Half-Shot (closed; this MSC supersedes it). - [MSC3956](https://github.com/matrix-org/matrix-spec-proposals/pull/3956) – Extensible Events encryption (WIP; relationship discussed in §5.2). - [MSC4133](https://github.com/matrix-org/matrix-spec-proposals/pull/4133) – Extensible user profiles (merged in Matrix 1.16; discussed in §4.4). - [MSC4175](https://github.com/matrix-org/matrix-spec-proposals/pull/4175) – User timezone profile field (merged in Matrix 1.16; discussed in §4.4). - [MSC3160](https://github.com/matrix-org/matrix-spec-proposals/pull/3160) – Message timezone markup (addresses timezone display in freeform messages; this MSC's structured event type supersedes that use case for scheduled events). - [MSC3401](https://github.com/matrix-org/matrix-spec-proposals/pull/3401) – MatrixRTC (the spec-level term for Matrix-native video calls; `conference.room_id` points to a MatrixRTC-enabled room as defined there). - [MSC3488](https://github.com/matrix-org/matrix-spec-proposals/pull/3488) – Location data (`m.location`; this MSC's `location.uri` field reuses the same `geo:` URI convention). - [RFC 5546](https://www.rfc-editor.org/rfc/rfc5546) – iTIP scheduling methods. - [RFC 6638](https://www.rfc-editor.org/rfc/rfc6638) – CalDAV scheduling extensions. - [RFC 7953](https://www.rfc-editor.org/rfc/rfc7953) – VAVAILABILITY. - [RFC 8984](https://www.rfc-editor.org/rfc/rfc8984) – JSCalendar 1.0. - [draft-ietf-calext-jscalendarbis](https://datatracker.ietf.org/doc/draft-ietf-calext-jscalendarbis/) – JSCalendar 2.0. - [RFC 9073](https://www.rfc-editor.org/rfc/rfc9073) – Event Publishing Extensions to iCalendar (defines `CONFERENCE` property used in §2.4 bridge mapping).
4496	4175	supersedes	direct	proposals/unmerged/4496-matrix-caldav.md	- [MSC1116](https://github.com/matrix-org/matrix-spec-proposals/pull/1116) – Original calendar proposal by @Half-Shot (closed; this MSC supersedes it). - [MSC3956](https://github.com/matrix-org/matrix-spec-proposals/pull/3956) – Extensible Events encryption (WIP; relationship discussed in §5.2). - [MSC4133](https://github.com/matrix-org/matrix-spec-proposals/pull/4133) – Extensible user profiles (merged in Matrix 1.16; discussed in §4.4). - [MSC4175](https://github.com/matrix-org/matrix-spec-proposals/pull/4175) – User timezone profile field (merged in Matrix 1.16; discussed in §4.4). - [MSC3160](https://github.com/matrix-org/matrix-spec-proposals/pull/3160) – Message timezone markup (addresses timezone display in freeform messages; this MSC's structured event type supersedes that use case for scheduled events). - [MSC3401](https://github.com/matrix-org/matrix-spec-proposals/pull/3401) – MatrixRTC (the spec-level term for Matrix-native video calls; `conference.room_id` points to a MatrixRTC-enabled room as defined there). - [MSC3488](https://github.com/matrix-org/matrix-spec-proposals/pull/3488) – Location data (`m.location`; this MSC's `location.uri` field reuses the same `geo:` URI convention). - [RFC 5546](https://www.rfc-editor.org/rfc/rfc5546) – iTIP scheduling methods. - [RFC 6638](https://www.rfc-editor.org/rfc/rfc6638) – CalDAV scheduling extensions. - [RFC 7953](https://www.rfc-editor.org/rfc/rfc7953) – VAVAILABILITY. - [RFC 8984](https://www.rfc-editor.org/rfc/rfc8984) – JSCalendar 1.0. - [draft-ietf-calext-jscalendarbis](https://datatracker.ietf.org/doc/draft-ietf-calext-jscalendarbis/) – JSCalendar 2.0. - [RFC 9073](https://www.rfc-editor.org/rfc/rfc9073) – Event Publishing Extensions to iCalendar (defines `CONFERENCE` property used in §2.4 bridge mapping).
4501	3639	builds_on	derived	proposals/unmerged/4501-rooms-as-social-media-pages.md	*Note: this proposal is a spiritual successor to [MSC3639: Matrix for the Social Media Use Case](https://github.com/Henri2h/matrix-doc/blob/henri2h-matrix-for-social-media/proposals/3639-matrix-for-the-social-media-use-case.md), which has been abandoned. It keeps MSC3639's core idea, dedicated room types for social-media-style profiles and groups, and builds on top of it: MSC3639 had no structures for representing actions like reposting or cross-room replies, and left other social media conventions, like how liking should work, unclear. See Comparison to MSC3639, below, for the full picture.*
4501	3639	replaces	direct	proposals/unmerged/4501-rooms-as-social-media-pages.md	- **Keep reviving MSC3639 as-is.** Rejected because MSC3639 is abandoned (no active author or momentum), and this proposal isn't just a straight continuation: it adds structures MSC3639 never had, such as reposts/quote-posts and cross-room replies, and replaces its bespoke `org.matrix.msc3639.social.comment` event type with standard thread relations (which did not yet exist when MSC3639 was written) and its `m.social.image-ref` field with `m.room.message`'s existing media `msgtype`s directly. See Comparison to MSC3639, below. - **No new room types, treating "feed" as a purely client-side filter over ordinary rooms.** Rejected because, without a room-level type marker, there is no reliable way for a client to know a room is *meant* to be a social profile or group at all, e.g. to show a "Create Profile" versus "Create Room" distinction in the UI, or to avoid accidentally treating a private DM as postable. Room types are also an existing, established Matrix mechanism (the same one `m.space` already uses) for exactly this kind of container classification, so reusing it is the smaller addition to the protocol. - **Reusing the real `m.relates_to` key itself**, rather than a distinctly-named `m.social.relates_to` block. Considered, but rejected: `m.relates_to`-based relations (bundled aggregations, the `/relations` endpoint, thread rollups) are resolved by walking the *same room's* event graph, so a foreign `room_id` alongside `rel_type` would be silently ignored by that machinery rather than doing anything useful, and reusing the same top-level key risks a client or server misreading a cross-room reference as an ordinary in-room relation. `m.social.relates_to` still borrows `rel_type` as its discriminator field's name, matching existing Matrix convention, but living under a distinct key means it carries none of `m.relates_to`'s aggregation/rollup semantics; implementations MUST NOT assume `m.social.relates_to.rel_type` behaves like `m.relates_to.rel_type` beyond naming an identifier. The embedded content is also still needed regardless (see Proposal, above, for why), and a relation doesn't carry that payload any more naturally than a plain content field would. - **A bare pointer event carrying only `event_id`/`room_id`, with no content-embedding option at all.** Considered as the minimal possible mechanism, but rejected: a viewer who isn't joined to the referenced room, the common case for both reposts and cross-posted replies, since followers usually aren't members of every room a post could originate from, would have no way to render it without a fetch that can fail (missing permission, an unreachable server, a room since made inaccessible). Keeping `content` optional-but-recommended already covers the minimal-pointer case for implementations that don't need it, without forcing every implementation into that failure mode. - **A separate `m.social.in_reply_to` block mirroring `m.social.repost_of`'s original shape**, instead of unifying both into `m.social.relates_to` with a `rel_type` field. Rejected: reposts and cross-posted replies need the exact same fields (`event_id`, `room_id`, `sender`, optional `content`/`displayname`) for the exact same reason, rendering a cross-room reference without requiring room membership; the only real difference is what the relationship *means*, which a `rel_type` field captures far more cheaply than a second, near-identical block would. - **Separate event types for a plain repost versus a quote-post** (e.g. `m.social.repost` as an event type of its own and `m.social.quote_post`). Rejected in favor of a single mechanism (a `body` that is only a permalink to the reposted event, versus one that isn't) to minimize the number of new event types and avoid clients needing to special-case several near-identical shapes. - **Empty or absent outer `body` for a plain repost**, rather than an embedded permalink. This was the original design, but was rejected: a blank `body` renders as an empty, confusing message bubble in any client without support for this proposal, indistinguishable from a send failure or a malformed event. A permalink-only `body` degrades gracefully instead, rendering as an ordinary clickable link in a fully non-compliant client (see Proposal, above). - **A dedicated `m.social.like` event type.** Considered, but rejected for lack of value over reusing `m.reaction`: a like and a 👍 reaction are the same user intent for this proposal's purposes, and a new event type would only exist to disambiguate an edge case (someone reacting 👍 without "meaning" to like it) that most users will never notice or care about. See Liking, above. - **Relying solely on a profile room's `m.room.create` `creator` to identify its owner**, rather than adding `m.social.profile_user_id`. Rejected because `creator` is not always the person a profile room is of: a room created by a bridge or appservice on a user's behalf will have the bridge's own bot as `creator`. A dedicated state event lets the room assert its true intended owner independent of who technically created it. See Profile rooms, above. - **Always requiring the outer `content` to double as the duplicate, dropping `relates_to.content` entirely**, rather than making `content_inline` an opt-in alongside it. Rejected because a quote-post's outer `body` is the reposting user's own commentary, and a reply's outer `body` is always its own real text, neither can double as a duplicate of the referenced post the way a plain repost's can. Keeping `relates_to.content` as the general-case mechanism, with `content_inline` as an opt-in for repost implementations that already build the outer content as a duplicate anyway, covers all three cases without forcing every implementation to special-case quote-posts and replies.
4505	3489	builds_on	derived	proposals/unmerged/4505-lls-push-rules.md	This MSC builds on [MSC3489](https://github.com/matrix-org/matrix-spec-proposals/pull/3489) and [MSC3672](https://github.com/matrix-org/matrix-spec-proposals/pull/3672)
4505	3672	builds_on	derived	proposals/unmerged/4505-lls-push-rules.md	This MSC builds on [MSC3489](https://github.com/matrix-org/matrix-spec-proposals/pull/3489) and [MSC3672](https://github.com/matrix-org/matrix-spec-proposals/pull/3672)
4508	4186	builds_on	derived	proposals/unmerged/4508-sliding-sync-extension-typing.md	This MSC builds on [MSC4186](https://github.com/matrix-org/matrix-spec-proposals/pull/4186), which at the time of writing has passed FCP but has not yet been released in the spec.
4515	4143	builds_on	derived	proposals/unmerged/4515-rtc-transports-widget-action.md	This MSC builds on [MSC4143](https://github.com/matrix-org/matrix-spec-proposals/pull/4143) (which at the time of writing have not yet been accepted into the spec).
